Name	ISIN	Symbol	Market	Trading Currency	Open	High	Low	Last	Last Date/Time	Time Zone	Volume	Turnover
European Equities
26 Oct 2020
All datapoints provided as of end of last active trading day.
1000MERCIS	FR0010285965	ALMIL	Euronext Growth Paris	EUR	16	16	15.9	15.9	26/10/20 16:57	CET	126	2010.4
SOLUTIONS 30 SE	FR0013379484	S30	Euronext Paris	EUR	16.07	16.16	15.41	15.70	26/10/20 17:35	CET	711044	11209611.27
2CRSI	FR0013341781	2CRSI	Euronext Paris	EUR	3.59	3.59	3.36	3.36	26/10/20 17:35	CET	77863	268204.715
A TOUTE VITESSE	FR0010050773	MLATV	Euronext Access Paris	EUR	1.48	1.48	1.35	1.35	13/11/19 16:53	CET	378	521.87
A.S.T. GROUPE	FR0000076887	ASP	Euronext Paris	EUR	3.90	3.98	3.79	3.79	26/10/20 17:35	CET	20449	79435.63
AB SCIENCE	FR0010557264	AB	Euronext Paris	EUR	10.00	10.12	9.55	9.62	26/10/20 17:35	CET	272436	2666701.60
ABC ARBITRAGE	FR0004040608	ABCA	Euronext Paris	EUR	7.40	7.43	7.24	7.24	26/10/20 17:35	CET	35787	261635.85
ABEO	FR0013185857	ABEO	Euronext Paris	EUR	7.00	7.04	6.94	6.94	26/10/20 17:00	CET	1586	11093.18
ABIONYX PHARMA	FR0012616852	ABNX	Euronext Paris	EUR	0.80	0.815	0.782	0.815	26/10/20 17:38	CET	165776	131659.814
ABIVAX	FR0012333284	ABVX	Euronext Paris	EUR	19.26	19.52	18.62	18.68	26/10/20 17:35	CET	12817	245247.50
ACANTHE DEV.	FR0000064602	ACAN	Euronext Paris	EUR	0.415	0.415	0.41	0.41	26/10/20 16:05	CET	8943	3687.414
ACCOR	FR0000120404	AC	Euronext Paris	EUR	23.69	24.24	22.96	22.96	26/10/20 17:36	CET	1189020	27746412.14
ACHETER-LOUER.FR	FR0010493510	ALALO	Euronext Growth Paris	EUR	0.0202	0.0216	0.0198	0.0216	26/10/20 17:35	CET	4243249	87202.0232
ACTEOS	FR0000076861	EOS	Euronext Paris	EUR	1.495	1.495	1.405	1.455	26/10/20 15:14	CET	3352	4872.25
ACTIA GROUP	FR0000076655	ATI	Euronext Paris	EUR	2.24	2.24	2.02	2.02	26/10/20 17:35	CET	28728	60632.83
ACTIPLAY (GROUPE)	FR0011038348	ALACT	Euronext Growth Paris	EUR	0.72	0.72	0.63	0.632	26/10/20 17:35	CET	210054	140856.856
ACTIVIUM GROUP	FR0010979377	MLACT	Euronext Access Paris	EUR	1.34	1.34	1.34	1.34	22/10/20 14:13	CET	34	45.56
ADA	FR0000053076	ALADA	Euronext Growth Paris	EUR	8.40	8.40	8.25	8.25	26/10/20 17:29	CET	101	833.40
ADC SIIC	BE0974269012	ALDV	Euronext Paris	EUR	0.084	0.084	0.084	0.084	26/10/20 11:30	CET	2219	186.396
ADEUNIS	FR0013284627	ALARF	Euronext Growth Paris	EUR	2.80	2.85	2.57	2.65	26/10/20 17:29	CET	26878	73169.45
ADL PARTNER	FR0000062978	ALP	Euronext Paris	EUR	11.85	11.90	11.75	11.75	26/10/20 16:29	CET	1201	14193.35
ADOCIA	FR0011184241	ADOC	Euronext Paris	EUR	7.34	7.40	6.95	7.05	26/10/20 17:35	CET	15241	108881.75
ADOMOS	FR0013247244	ALADO	Euronext Growth Paris	EUR	0.352	0.365	0.336	0.347	26/10/20 16:59	CET	98280	34281.065
ADP	FR0010340141	ADP	Euronext Paris	EUR	87.15	87.15	84.60	85.10	26/10/20 17:37	CET	90428	7693303.45
ADTHINK	FR0010457531	ALADM	Euronext Growth Paris	EUR	1.135	1.135	1.08	1.08	26/10/20 17:35	CET	16702	18318.745
ADUX	FR0012821890	ADUX	Euronext Paris, Amsterdam	EUR	1.345	1.345	1.315	1.315	26/10/20 12:37	CET	27	35.535
ADVENIS	FR0004152874	ADV	Euronext Paris	EUR	1.88	1.88	1.88	1.88	26/10/20 12:48	CET	172	323.36
ADVICENNE	FR0013296746	ADVIC	Euronext Paris, Brussels	EUR	6.16	6.26	5.62	5.70	26/10/20 17:35	CET	25953	153545.32
ADVINI	FR0000053043	ADVI	Euronext Paris	EUR	20.40	20.40	20.20	20.20	26/10/20 14:02	CET	74	1495.00
AERKOMM INC	US00774B2088	AKOM	Euronext Paris	EUR	10.60	10.60	10.60	10.60	26/10/20 09:00	CET	1	10.60
AG3I	FR0011908045	MLAGI	Euronext Access Paris	EUR	3.46	3.46	3.46	3.46	08/11/19 16:30	CET	2	6.92
AGP MALAGA SOCIMI	ES0105478004	MLAGP	Euronext Access Paris	EUR	2.95	2.95	2.95	2.95	04/09/20 16:30	CET	1000	2950.00
AGRIPOWER	FR0013452281	ALAGP	Euronext Growth Paris	EUR	9.17	9.20	8.70	9.12	26/10/20 17:14	CET	13736	121911.52
AGROGENERATION	FR0010641449	ALAGR	Euronext Growth Paris	EUR	0.081	0.0812	0.08	0.081	26/10/20 16:21	CET	15650	1265.90
AIR FRANCE -KLM	FR0000031122	AF	Euronext Paris, Amsterdam	EUR	3.163	3.338	3.157	3.157	26/10/20 17:39	CET	5355078	17223214.99
AIR LIQUIDE	FR0000120073	AI	Euronext Paris	EUR	132.95	133.55	131.05	131.35	26/10/20 17:36	CET	794064	102469060.40
AIR MARINE	FR0013285103	MLAIM	Euronext Access Paris	EUR	0.85	0.85	0.85	0.85	26/10/20 11:30	CET	1478	1256.30
AIRBUS	NL0000235190	AIR	Euronext Paris	EUR	66.61	69.69	65.69	65.85	26/10/20 17:35	CET	3086066	205741818.69
AKKA TECHNOLOGIES	FR0004180537	AKA	Euronext Paris, Brussels	EUR	19.64	19.82	18.50	18.50	26/10/20 17:35	CET	118359	2257373.86
AKWEL	FR0000053027	AKW	Euronext Paris	EUR	16.64	16.88	16.20	16.88	26/10/20 17:35	CET	6603	109508.74
ALBIOMA	FR0000060402	ABIO	Euronext Paris	EUR	42.85	44.25	42.10	43.65	26/10/20 17:38	CET	116503	5085893.50
ALD	FR0013258662	ALD	Euronext Paris	EUR	9.90	10.08	9.78	9.86	26/10/20 17:35	CET	114332	1129155.80
ALES GROUPE	FR0000054652	ALPHY	Euronext Growth Paris	EUR	1.18	1.20	1.18	1.18	29/06/20 16:07	CET	1401	1671.18
ALPES (COMPAGNIE)	FR0000053324	CDA	Euronext Paris	EUR	15.70	15.72	15.32	15.36	26/10/20 17:35	CET	10194	157798.84
ALPHA MOS	FR0013421286	ALM	Euronext Paris	EUR	1.54	1.54	1.54	1.54	26/10/20 14:11	CET	203	312.62
ALSTOM	FR0010220475	ALO	Euronext Paris	EUR	40.81	41.22	40.29	40.30	26/10/20 17:36	CET	729407	29422847.67
ALTAMIR	FR0000053837	LTA	Euronext Paris	EUR	19.00	19.00	18.882	18.90	26/10/20 17:35	CET	1149	21765.014
ALTAREA	FR0000033219	ALTA	Euronext Paris	EUR	118.40	121.60	117.60	118.20	26/10/20 17:35	CET	4835	575481.80
ALTAREIT	FR0000039216	AREIT	Euronext Paris	EUR	484.00	484.00	484.00	484.00	26/10/20 11:30	CET	1	484.00
ALTEN	FR0000071946	ATE	Euronext Paris	EUR	79.20	79.95	78.25	78.65	26/10/20 17:38	CET	68850	5428558.60
ALTUR INVEST.	FR0010395681	ALTUR	Euronext Paris	EUR	4.60	4.60	4.56	4.56	26/10/20 16:58	CET	141	648.08
ALVEEN	FR0013253812	MLALV	Euronext Access Paris	EUR	0.23	0.23	0.23	0.23	18/05/20 16:30	CET	100	23.00
AMATHEON AGRI	NL0010273694	MLAAH	Euronext Access Paris	EUR	0.0695	0.0695	0.063	0.063	26/10/20 16:30	CET	10102	637.089
AMOEBA	FR0011051598	ALMIB	Euronext Growth Paris	EUR	2.62	2.71	2.425	2.54	26/10/20 17:35	CET	570744	1460743.575
AMPLITUDE SURGICAL	FR0012789667	AMPLI	Euronext Paris	EUR	2.13	2.13	2.11	2.12	26/10/20 11:10	CET	1656	3495.82
AMUNDI	FR0004125920	AMUN	Euronext Paris	EUR	61.45	61.50	59.20	59.20	26/10/20 17:36	CET	87076	5180713.60
ANEVIA	FR0011910652	ALANV	Euronext Growth Paris	EUR	3.48	3.48	3.48	3.48	26/10/20 14:19	CET	40	139.20
ANEVIA BSA 2018	FR0013391182	ANVBS	Euronext Growth Paris	EUR	-	-	-	-	-	CET	-	-
ANEVIA BSA A	FR0013469301	ANVBU	Euronext Growth Paris	EUR	0.2205	0.222	0.2205	0.222	26/10/20 13:24	CET	1767	391.8945
ANEVIA BSA B	FR0013469319	ANVBV	Euronext Growth Paris	EUR	-	-	-	-	-	CET	-	-
ANTALIS	FR0013258589	ANTA	Euronext Paris	EUR	0.90	0.90	0.90	0.90	26/10/20 17:24	CET	212972	191674.80
ANTEVENIO	ES0109429037	ALANT	Euronext Growth Paris	EUR	3.52	3.56	3.52	3.56	26/10/20 16:17	CET	687	2445.68
APERAM	LU0569974404	APAM	Euronext Amsterdam, Brussels, Paris	EUR	25.05	25.79	25.00	25.30	26/10/20 17:35	CET	191570	4852069.08
APTORUM GROUP CL A	KYG6096M1069	APM	Euronext Paris	EUR	3.22	3.22	3.22	3.22	23/07/20 00:00	CET	-	-
AQUILA	FR0010340711	ALAQU	Euronext Growth Paris	EUR	6.75	6.75	6.75	6.75	23/10/20 12:02	CET	70	472.50
ARCELORMITTAL SA	LU1598757687	MT	Euronext Amsterdam, Paris	EUR	12.10	12.65	12.04	12.45	26/10/20 17:38	CET	8022871	97503375.112
ARCHOS	FR0000182479	JXR	Euronext Paris	EUR	0.0354	0.0369	0.0342	0.0344	26/10/20 17:35	CET	1337577	47078.1098
ARCURE	FR0013398997	ALCUR	Euronext Growth Paris	EUR	2.87	2.99	2.87	2.90	26/10/20 16:44	CET	1579	4604.88
ARDOIN ST AMAND A	FR0005057635	MLARD	Euronext Access Paris	EUR	90.50	90.50	90.50	90.50	10/06/20 11:30	CET	150	13575.00
ARDOIN ST AMAND B	FR0004070795	ARDO	Euronext Access Paris	EUR	72.00	72.00	72.00	72.00	03/08/20 16:30	CET	2	144.00
ARGAN	FR0010481960	ARG	Euronext Paris	EUR	81.00	81.00	79.20	79.20	26/10/20 17:35	CET	8131	650882.80
ARKEMA	FR0010313833	AKE	Euronext Paris	EUR	88.34	90.10	87.46	87.46	26/10/20 17:36	CET	154159	13459425.42
AROCA DEL PINAR	ES0105486007	MLARO	Euronext Access Paris	EUR	14.60	14.60	14.60	14.60	16/08/20 00:00	CET	-	-
ARTEA	FR0012185536	ARTE	Euronext Paris	EUR	11.20	11.20	11.20	11.20	15/10/20 17:35	CET	20	224.00
ARTEFACT	FR0000079683	ALATF	Euronext Growth Paris	EUR	2.02	2.03	1.97	2.00	26/10/20 17:35	CET	108008	215321.07
ARTMARKET COM	FR0000074783	PRC	Euronext Paris	EUR	7.34	7.34	7.00	7.00	26/10/20 17:35	CET	17278	123399.14
ARTOIS NOM.	FR0000076952	ARTO	Euronext Paris	EUR	3720.00	3720.00	3720.00	3720.00	22/10/20 16:30	CET	1	3720.00
ASHLER ET MANSON	FR0012968485	MLAEM	Euronext Access Paris	EUR	1.83	1.83	1.76	1.76	26/10/20 16:30	CET	145	256.25
ASIT	BE0974289218	ASIT	Euronext Brussels, Paris	EUR	0.18	0.1848	0.173	0.1828	26/10/20 17:35	CET	27952	5044.6144
ASSYSTEM	FR0000074148	ASY	Euronext Paris	EUR	21.15	21.35	20.80	21.05	26/10/20 17:35	CET	2113	44550.00
ATARI	FR0010478248	ATA	Euronext Paris	EUR	0.469	0.492	0.402	0.4125	26/10/20 17:35	CET	12867473	5911455.1565
ATEME	FR0011992700	ATEME	Euronext Paris	EUR	16.78	16.80	16.40	16.78	26/10/20 17:35	CET	31674	523099.98
ATOS	FR0000051732	ATO	Euronext Paris	EUR	63.38	64.58	62.74	63.10	26/10/20 17:39	CET	507495	32023311.40
AUBAY	FR0000063737	AUB	Euronext Paris	EUR	32.15	32.15	30.80	30.80	26/10/20 17:35	CET	5276	165076.90
AUDIENCE LABS	FR0011896463	MLAUD	Euronext Access Paris	EUR	7.70	7.70	7.70	7.70	12/10/20 16:30	CET	1	7.70
AUDIOVALLEY	BE0974334667	ALAVY	Euronext Growth Paris, Brussels	EUR	4.16	4.16	4.13	4.13	26/10/20 14:23	CET	1249	5186.26
AUGROS COSMETICS	FR0000061780	AUGR	Euronext Paris	EUR	4.24	4.24	4.24	4.24	15/10/20 16:30	CET	10	42.40
AUPLATA MINING GR	FR0013410370	ALAMG	Euronext Growth Paris	EUR	0.221	0.221	0.179	0.18	26/10/20 17:36	CET	6412184	1249319.7788
AUREA	FR0000039232	AURE	Euronext Paris	EUR	5.06	5.06	4.85	5.00	26/10/20 16:20	CET	2323	11549.49
AURES TECHNOLOGIES	FR0013183589	AURS	Euronext Paris	EUR	15.35	15.35	15.10	15.10	26/10/20 16:50	CET	4678	70750.35
AVENIR TELECOM	FR0013529815	AVT	Euronext Paris	EUR	0.774	0.78	0.72	0.7201	26/10/20 17:35	CET	467712	346339.3913
AXA	FR0000120628	CS	Euronext Paris	EUR	14.738	14.868	14.546	14.646	26/10/20 17:37	CET	6086914	88219536.096
AXWAY SOFTWARE	FR0011040500	AXW	Euronext Paris	EUR	22.20	22.40	21.90	22.40	26/10/20 17:35	CET	5632	125488.40
AZ LEASING	IT0004812258	MLAZL	Euronext Access Paris	EUR	0.63	0.63	0.63	0.63	29/05/20 16:30	CET	303	190.89
AZOREAN TECH	PTAZR0AM0006	MLAAT	Euronext Access Paris	EUR	0.21	0.21	0.21	0.21	26/10/20 11:30	CET	100	21.00
BACCARAT	FR0000064123	BCRA	Euronext Paris	EUR	123.00	123.00	123.00	123.00	26/10/20 16:30	CET	20	2460.00
BAIKOWSKI	FR0013384369	ALBKK	Euronext Growth Paris	EUR	9.25	9.25	9.25	9.25	26/10/20 09:00	CET	1	9.25
BAINS MER MONACO	MC0000031187	BAIN	Euronext Paris	EUR	60.80	62.80	60.40	62.60	26/10/20 17:35	CET	1258	77791.80
BALYO	FR0013258399	BALYO	Euronext Paris	EUR	1.02	1.02	0.953	0.964	26/10/20 17:35	CET	229647	224340.12
BARBARA BUI	FR0000062788	BUI	Euronext Paris	EUR	1.72	1.72	1.72	1.72	26/10/20 16:30	CET	174	299.28
BARINGS CORE SPAIN	ES0105362000	MLBAR	Euronext Access Paris	EUR	-	-	-	-	-	CET	-	-
BASSAC	FR0004023208	BASS	Euronext Paris	EUR	42.70	42.70	41.70	42.20	26/10/20 17:29	CET	873	36918.10
BASTIDE LE CONFORT	FR0000035370	BLC	Euronext Paris	EUR	46.00	46.00	44.70	46.00	26/10/20 17:35	CET	5330	241449.75
BATLA MINERALS	FR0010436170	MLBAT	Euronext Access Paris	EUR	0.60	0.60	0.60	0.60	26/10/20 11:30	CET	197	118.20
BD MULTI MEDIA	FR0000035305	ALBDM	Euronext Growth Paris	EUR	1.25	1.36	1.25	1.36	26/10/20 16:30	CET	815	1024.25
BEL	FR0000121857	FBEL	Euronext Paris	EUR	302.00	302.00	302.00	302.00	26/10/20 16:30	CET	77	23254.00
BELIER	FR0000072399	BELI	Euronext Paris	EUR	38.04	38.20	38.04	38.18	26/10/20 17:35	CET	2394	91188.60
BENETEAU	FR0000035164	BEN	Euronext Paris	EUR	8.025	8.155	8.00	8.015	26/10/20 17:35	CET	155175	1248987.0375
BERNARD LOISEAU	FR0000066961	ALDBL	Euronext Growth Paris	EUR	2.78	2.78	2.78	2.78	26/10/20 16:30	CET	325	903.50
BIC	FR0000120966	BB	Euronext Paris	EUR	41.62	41.80	41.00	41.14	26/10/20 17:35	CET	52020	2126655.16
BIGBEN INTERACTIVE	FR0000074072	BIG	Euronext Paris	EUR	14.98	15.28	14.84	15.10	26/10/20 17:38	CET	40911	616669.26
BILENDI	FR0004174233	ALBLD	Euronext Growth Paris	EUR	10.15	10.20	9.96	10.00	26/10/20 17:17	CET	14331	143657.27
BIO-UV GROUP	FR0013345493	ALTUV	Euronext Growth Paris	EUR	5.68	5.70	5.34	5.38	26/10/20 17:37	CET	151427	839984.52
BIOCORP	FR0012788065	ALCOR	Euronext Growth Paris	EUR	28.80	30.00	27.80	27.80	26/10/20 17:35	CET	12059	350505.70
BIOMERIEUX	FR0013280286	BIM	Euronext Paris	EUR	125.40	129.20	125.00	127.00	26/10/20 17:36	CET	107009	13610887.20
BIOPHYTIS	FR0012816825	ALBPS	Euronext Growth Paris	EUR	0.53	0.655	0.4965	0.617	26/10/20 17:37	CET	25821269	14923876.7505
BIOPHYTIS BSA	FR0013507290	BPSBS	Euronext Growth Paris	EUR	0.34	0.38	0.30	0.37	26/10/20 17:35	CET	67875	24380.92
BIOSYNEX	FR0011005933	ALBIO	Euronext Growth Paris	EUR	16.70	17.30	15.40	16.20	26/10/20 17:35	CET	270604	4454129.30
BIOSYNEX BSAR	FR0013517380	BIOBS	Euronext Growth Paris	EUR	0.2901	0.30	0.27	0.27	26/10/20 17:06	CET	72460	20772.5543
BLEECKER	FR0000062150	BLEE	Euronext Paris	EUR	124.00	124.00	124.00	124.00	20/10/20 11:30	CET	2	248.00
BLUE SHARK POWER	FR0013340973	MLBSP	Euronext Access Paris	EUR	5.80	5.80	5.80	5.80	19/10/20 16:30	CET	10	58.00
BLUELINEA BSA J	FR0013480969	BLUBS	Euronext Growth Paris	EUR	0.102	0.102	0.102	0.102	26/10/20 10:31	CET	8310	847.62
BLUELINEA	FR0011041011	ALBLU	Euronext Growth Paris	EUR	4.67	4.67	4.67	4.67	26/10/20 09:00	CET	1	4.67
BLUELINEA BSA Y	FR0013480985	BLUBT	Euronext Growth Paris	EUR	-	-	-	-	-	CET	-	-
BNP PARIBAS ACT.A	FR0000131104	BNP	Euronext Paris	EUR	32.70	33.595	32.465	32.95	26/10/20 17:39	CET	3781415	122533187.595
BODY ONE	FR0010106039	MLONE	Euronext Access Paris	EUR	0.23	0.23	0.23	0.23	15/10/20 16:30	CET	1	0.23
BOIRON	FR0000061129	BOI	Euronext Paris	EUR	41.00	41.00	40.00	40.10	26/10/20 17:39	CET	9886	397920.80
BOLLORE	FR0000039299	BOL	Euronext Paris	EUR	3.158	3.214	3.154	3.17	26/10/20 17:35	CET	957855	3040891.57
BONDUELLE	FR0000063935	BON	Euronext Paris	EUR	18.36	19.00	18.32	18.72	26/10/20 17:35	CET	10997	205381.86
BONE THERAPEUTICS	BE0974280126	BOTHE	Euronext Brussels, Paris	EUR	3.24	3.29	3.00	3.05	26/10/20 17:35	CET	59298	185287.75
BOOSTHEAT	FR0011814938	BOOST	Euronext Paris	EUR	2.31	2.32	2.19	2.20	26/10/20 17:27	CET	5456	12124.95
BOURRELIER GROUP	FR0000054421	ALBOU	Euronext Growth Paris	EUR	39.00	39.00	39.00	39.00	19/03/20 11:30	CET	51	1989.00
BOURSE DIRECT	FR0000074254	BSD	Euronext Paris	EUR	1.79	1.79	1.75	1.79	26/10/20 17:35	CET	14995	26695.00
BOUYGUES	FR0000120503	EN	Euronext Paris	EUR	30.12	30.73	29.80	29.80	26/10/20 17:36	CET	994348	29522620.63
BUREAU VERITAS	FR0006174348	BVI	Euronext Paris	EUR	20.16	20.18	19.645	19.71	26/10/20 17:35	CET	982482	19428510.97
BURELLE	FR0000061137	BUR	Euronext Paris	EUR	560.00	560.00	538.00	552.00	26/10/20 17:13	CET	72	39656.00
CA TOULOUSE 31 CCI	FR0000045544	CAT31	Euronext Paris	EUR	82.12	82.12	82.12	82.12	26/10/20 09:00	CET	1	82.12
CABASSE GROUP	FR0013530102	ALCG	Euronext Growth Paris	EUR	4.36	4.3625	3.6265	3.899	26/10/20 17:35	CET	60608	244024.9275
CAFOM	FR0010151589	CAFO	Euronext Paris	EUR	4.88	4.90	4.80	4.90	26/10/20 17:13	CET	631	3069.88
CAMBODGE NOM.	FR0000079659	CBDG	Euronext Paris	EUR	4800.00	4800.00	4800.00	4800.00	19/10/20 12:19	CET	1	4800.00
CAPELLI	FR0012969095	CAPLI	Euronext Paris	EUR	24.30	24.30	23.40	23.50	26/10/20 17:25	CET	932	22205.50
CAPGEMINI	FR0000125338	CAP	Euronext Paris	EUR	100.50	103.55	99.14	99.14	26/10/20 17:39	CET	858998	85722141.42
CARBIOS	FR0011648716	ALCRB	Euronext Growth Paris	EUR	30.50	31.15	28.05	29.70	26/10/20 17:35	CET	106754	3145894.25
CARMAT	FR0010907956	ALCAR	Euronext Growth Paris	EUR	20.00	20.00	19.52	19.76	26/10/20 17:35	CET	8779	173642.38
CARMILA	FR0010828137	CARM	Euronext Paris	EUR	7.54	7.70	7.25	7.29	26/10/20 17:35	CET	99508	747161.99
CARPINIENNE PART.	FR0000064156	CARP	Euronext Paris	EUR	38.00	38.00	38.00	38.00	08/07/20 12:29	CET	26	988.00
CARREFOUR	FR0000120172	CA	Euronext Paris	EUR	13.65	14.055	13.63	13.905	26/10/20 17:36	CET	2320640	31959864.31
CASINO GUICHARD	FR0000125585	CO	Euronext Paris	EUR	21.81	22.51	21.70	22.25	26/10/20 17:35	CET	226865	5020813.77
CAST	FR0000072894	CAS	Euronext Paris	EUR	3.27	3.30	3.10	3.18	26/10/20 17:35	CET	29988	95410.45
CATANA GROUP	FR0010193052	CATG	Euronext Paris	EUR	2.10	2.145	2.06	2.085	26/10/20 17:35	CET	137631	288878.765
CATERING INTL SCES	FR0000064446	CTRG	Euronext Paris	EUR	9.54	9.54	9.42	9.54	26/10/20 16:22	CET	2647	25113.06
CATERPILLAR INC	US1491231015	CATR	Euronext Paris	EUR	141.50	141.50	141.50	141.50	22/10/20 09:00	CET	70	9905.00
CBO TERRITORIA	FR0010193979	CBOT	Euronext Paris	EUR	3.43	3.44	3.40	3.41	26/10/20 17:24	CET	10628	36341.45
CECURITY.COM	FR0010717579	MLCEC	Euronext Access Paris	EUR	0.585	0.585	0.585	0.585	22/10/20 16:30	CET	1	0.59
CEGEDIM	FR0000053506	CGM	Euronext Paris	EUR	24.40	25.10	24.20	24.40	26/10/20 17:35	CET	5061	125336.10
CEGEREAL	FR0010309096	CGR	Euronext Paris	EUR	23.00	23.00	22.00	22.00	26/10/20 17:29	CET	822	18634.40
CELLECTIS	FR0010425595	ALCLS	Euronext Growth Paris	EUR	15.96	16.20	14.76	14.78	26/10/20 17:35	CET	115660	1801250.14
CELYAD ONCOLOGY	BE0974260896	CYAD	Euronext Brussels, Paris	EUR	7.00	7.07	6.90	6.91	26/10/20 17:35	CET	16519	115185.21
CERINNOV GROUP	FR0013178712	ALPCV	Euronext Growth Paris	EUR	0.73	0.77	0.68	0.736	26/10/20 17:35	CET	141167	101909.774
CESAR	FR0013297165	ALCES	Euronext Growth Paris	EUR	0.10	0.10	0.10	0.10	26/10/20 11:30	CET	4	0.40
CFI	FR0000037475	CFI	Euronext Paris	EUR	1.29	1.29	1.29	1.29	23/10/20 16:30	CET	1	1.29
CFM INDOSUEZWEALTH	MC0010000826	MLCFM	Euronext Access Paris	EUR	930.00	930.00	930.00	930.00	26/10/20 17:05	CET	39	36270.00
CGG	FR0013181864	CGG	Euronext Paris	EUR	0.564	0.5748	0.54	0.5402	26/10/20 17:35	CET	10585697	5872638.0852
CGG BSA 2	FR0013309622	CGGBT	Euronext Paris	EUR	0.0196	0.0196	0.016	0.016	26/10/20 17:15	CET	124391	2207.2192
CGG BSA 1	FR0013309614	CGGBS	Euronext Paris	EUR	0.0464	0.055	0.0464	0.055	26/10/20 17:35	CET	946	43.903
CH.FER DEPARTEMENT	FR0000037871	MLCFD	Euronext Access Paris	EUR	610.00	610.00	610.00	610.00	14/10/20 11:30	CET	1	610.00
CHARGEURS	FR0000130692	CRI	Euronext Paris	EUR	18.40	19.10	17.80	18.04	26/10/20 17:35	CET	246232	4560658.60
CHAUSSERIA	FR0000060907	CHSR	Euronext Paris	EUR	3.24	3.24	3.24	3.24	29/06/20 11:30	CET	250	810.00
CH.FER VAR GARD N.	FR0000051567	MLCVG	Euronext Access Paris	EUR	2820.00	2820.00	2820.00	2820.00	17/06/20 11:34	CET	3	8460.00
CHEOPS TECHNOLOGY	FR0010447086	MLCHE	Euronext Access Paris	EUR	41.00	41.00	41.00	41.00	23/10/20 11:30	CET	5	205.00
CHRISTIAN DIOR	FR0000130403	CDI	Euronext Paris	EUR	390.00	393.00	387.60	390.20	26/10/20 17:35	CET	7169	2801096.20
CIBOX BS	FR00140003K4	CIBBS	Euronext Growth Paris	EUR	0.007	0.0078	0.0064	0.0078	26/10/20 17:15	CET	344971	2363.5172
CIBOX INTER A CTIV	FR0000054322	CIB	Euronext Paris	EUR	0.1885	0.19	0.184	0.185	26/10/20 17:35	CET	531492	99038.176
CIE DU MONT BLANC	FR0000060428	MLCMB	Euronext Access Paris	EUR	123.00	123.00	123.00	123.00	26/10/20 16:30	CET	26	3198.00
CIOA	FR0012384907	MLCIO	Euronext Access Paris	EUR	0.665	0.665	0.665	0.665	26/10/20 11:30	CET	13700	9110.50
CLARANOVA	FR0013426004	CLA	Euronext Paris	EUR	6.055	6.15	5.90	5.93	26/10/20 17:35	CET	357698	2142389.56
CLASQUIN	FR0004152882	ALCLA	Euronext Growth Paris	EUR	28.60	28.90	28.30	28.30	26/10/20 17:35	CET	2084	59598.50
CNIM GROUP	FR0000053399	COM	Euronext Paris	EUR	10.50	10.75	10.40	10.70	26/10/20 17:35	CET	5857	61731.45
CNOVA	NL0010949392	CNV	Euronext Paris	EUR	2.38	2.40	2.28	2.40	26/10/20 17:35	CET	3017	7047.78
CNP ASSURANCES	FR0000120222	CNP	Euronext Paris	EUR	10.57	10.82	10.46	10.53	26/10/20 17:35	CET	367704	3888637.36
COFACE	FR0010667147	COFA	Euronext Paris	EUR	6.58	6.63	6.43	6.58	26/10/20 17:35	CET	363514	2372901.15
COFIDUR	FR0013257409	ALCOF	Euronext Growth Paris	EUR	300.00	318.00	270.00	294.00	20/10/20 12:54	CET	19	5316.00
COGELEC	FR0013335742	COGEC	Euronext Paris	EUR	7.54	7.60	7.46	7.46	26/10/20 17:26	CET	4229	32046.86
COGRA	FR0011071570	ALCOG	Euronext Growth Paris	EUR	5.60	5.62	5.56	5.56	26/10/20 17:37	CET	1629	9085.78
COHERIS	FR0004031763	COH	Euronext Paris	EUR	1.855	1.855	1.855	1.855	26/10/20 12:45	CET	1	1.855
COIL	BE0160342011	ALCOI	Euronext Growth Paris	EUR	12.90	13.50	12.10	12.50	26/10/20 17:35	CET	2290	28800.35
COLAS	FR0000121634	RE	Euronext Paris	EUR	105.00	105.50	104.00	105.00	26/10/20 17:00	CET	562	58668.50
COLIPAYS	FR0010959684	MLCLP	Euronext Access Paris	EUR	2.82	2.82	2.82	2.82	30/09/20 16:30	CET	5	14.10
CAIRE	FR0010781377	MLAAE	Euronext Access Paris	EUR	14.10	14.10	14.10	14.10	23/10/20 16:30	CET	1	14.10
GRECEMAR	FR0013406881	MLCMG	Euronext Access Paris	EUR	6.00	6.00	6.00	6.00	22/07/20 16:30	CET	4	24.00
CONDOR TECHNOLOG	BE6252013725	MLMFI	Euronext Access Paris	EUR	15.00	15.00	15.00	15.00	07/06/19 11:30	CET	20	300.00
CONSORT NT	FR0000077828	MLCNT	Euronext Access Paris	EUR	50.00	50.00	50.00	50.00	14/10/20 11:30	CET	1	50.00
CONSTRUCTEURS BOIS	FR00140007I9	MLLCB	Euronext Access Paris	EUR	1.50	1.50	1.50	1.50	26/10/20 11:30	CET	2822	4233.00
COREP LIGHTING	FR0010035816	MLCOR	Euronext Access Paris	EUR	9.00	9.00	9.00	9.00	15/04/20 16:56	CET	10	90.00
COURBET	FR0004998318	MLCOU	Euronext Access Paris	EUR	1.45	1.45	1.45	1.45	21/08/20 11:30	CET	2	2.90
COURTOIS	FR0000065393	COUR	Euronext Paris	EUR	107.00	107.00	107.00	107.00	26/10/20 11:30	CET	1	107.00
COVIVIO	FR0000064578	COV	Euronext Paris	EUR	54.80	55.40	53.95	54.00	26/10/20 17:36	CET	118633	6416949.45
COVIVIO HOTELS	FR0000060303	COVH	Euronext Paris	EUR	11.80	12.00	11.80	11.90	26/10/20 17:11	CET	3004	35622.40
CRCAM ALP.PROV.CCI	FR0000044323	CRAP	Euronext Paris	EUR	76.99	76.99	75.51	75.51	26/10/20 09:50	CET	22	1674.54
CRCAM ATL.VEND.CCI	FR0000185506	CRAV	Euronext Paris	EUR	93.00	94.00	92.00	92.00	26/10/20 15:48	CET	921	85628.95
CRCAM BRIE PIC2CCI	FR0010483768	CRBP2	Euronext Paris	EUR	17.80	17.82	17.714	17.82	26/10/20 15:40	CET	675	12013.652
CRCAM ILLE-VIL.CCI	FR0000045213	CIV	Euronext Paris	EUR	69.90	69.90	68.50	68.50	26/10/20 14:53	CET	84	5801.93
CRCAM LANGUED CCI	FR0010461053	CRLA	Euronext Paris	EUR	46.995	46.995	46.00	46.695	26/10/20 17:22	CET	281	12972.005
CRCAM LOIRE HTE L.	FR0000045239	CRLO	Euronext Paris	EUR	70.49	70.49	70.49	70.49	26/10/20 09:00	CET	1	70.49
CRCAM MORBIHAN CCI	FR0000045551	CMO	Euronext Paris	EUR	61.00	62.00	60.12	62.00	26/10/20 16:30	CET	356	21797.66
CRCAM NORD CCI	FR0000185514	CNF	Euronext Paris	EUR	15.002	15.168	14.92	14.92	26/10/20 17:35	CET	4569	68563.468
CRCAM NORM.SEINE	FR0000044364	CCN	Euronext Paris	EUR	89.61	89.61	88.50	88.50	26/10/20 17:29	CET	149	13264.41
CRCAM PARIS ET IDF	FR0000045528	CAF	Euronext Paris	EUR	60.40	61.03	59.00	59.00	26/10/20 16:40	CET	6525	393754.41
CRCAM SUD R.A.CCI	FR0000045346	CRSU	Euronext Paris	EUR	140.22	140.44	138.00	138.00	26/10/20 17:29	CET	365	50838.66
CRCAM TOURAINE CCI	FR0000045304	CRTO	Euronext Paris	EUR	79.50	79.50	75.50	78.49	26/10/20 16:56	CET	426	33170.00
CREDIT AGRICOLE	FR0000045072	ACA	Euronext Paris	EUR	7.356	7.514	7.284	7.354	26/10/20 17:36	CET	5742545	41574644.412
CROSSJECT	FR0011716265	ALCJ	Euronext Growth Paris	EUR	3.09	3.89	2.90	3.20	26/10/20 17:35	CET	1517162	5242630.875
CROSSWOOD	FR0000050395	CROS	Euronext Paris	EUR	4.04	4.04	4.04	4.04	22/10/20 11:30	CET	33	133.32
CS GROUP.	FR0007317813	SX	Euronext Paris	EUR	3.33	3.33	3.26	3.26	26/10/20 17:02	CET	2320	7652.51
CYBERGUN	FR0013505583	ALCYB	Euronext Growth Paris	EUR	0.0298	0.0298	0.0216	0.0226	26/10/20 17:36	CET	24038618	581798.122
CYBERGUN BSA 2	FR0013340817	CYBBT	Euronext Growth Paris	EUR	0.003	0.003	0.0025	0.0025	01/10/20 17:01	CET	242000	680.00
CYBERGUN BSA K1	FR0013507977	CYBK1	Euronext Growth Paris	EUR	0.02	0.02	0.02	0.02	14/10/20 17:26	CET	15000	300.00
CYBERGUN BSA K2A	FR0013507985	CYBKA	Euronext Growth Paris	EUR	0.027	0.027	0.0115	0.0115	22/10/20 17:35	CET	90010	2430.12
CYBERGUN BSA K2B	FR0013508009	CYBKB	Euronext Growth Paris	EUR	0.0016	0.0016	0.0016	0.0016	26/10/20 13:33	CET	34872	55.7952
D.L.S.I.	FR0010404368	ALDLS	Euronext Growth Paris	EUR	9.60	9.60	9.50	9.50	26/10/20 16:51	CET	580	5539.00
D2L GROUP	FR0012336675	MLGEL	Euronext Access Paris	EUR	5.15	5.15	5.15	5.15	12/08/20 16:30	CET	24	123.60
DALET	FR0011026749	DLT	Euronext Paris	EUR	13.00	13.20	13.00	13.10	26/10/20 15:36	CET	2638	34420.80
DAMARIS	FR0000077885	MLDAM	Euronext Access Paris	EUR	1.65	1.65	1.65	1.65	07/08/20 16:30	CET	612	1009.80
DAMARTEX	FR0000185423	ALDAR	Euronext Growth Paris	EUR	8.70	8.70	8.35	8.35	26/10/20 16:20	CET	2277	19362.60
DANONE	FR0000120644	BN	Euronext Paris	EUR	50.78	51.12	50.36	50.54	26/10/20 17:36	CET	1311513	65398836.02
DASSAULT AVIATION	FR0000121725	AM	Euronext Paris	EUR	755.00	765.50	737.00	744.00	26/10/20 17:36	CET	4698	3509270.00
DASSAULT SYSTEMES	FR0000130650	DSY	Euronext Paris	EUR	145.70	148.55	145.50	145.55	26/10/20 17:36	CET	566969	82569882.75
DBT	FR0013066750	ALDBT	Euronext Growth Paris	EUR	0.155	0.156	0.1365	0.14	26/10/20 17:36	CET	15787934	2287228.911
DBV TECHNOLOGIES	FR0010417345	DBV	Euronext Paris	EUR	2.67	2.74	2.592	2.596	26/10/20 17:35	CET	405392	1073682.86
DEINOVE	FR0010879056	ALDEI	Euronext Growth Paris	EUR	0.584	0.584	0.53	0.536	26/10/20 17:35	CET	177394	97629.906
DELFINGEN	FR0000054132	ALDEL	Euronext Growth Paris	EUR	19.00	19.00	18.55	18.55	26/10/20 17:35	CET	692	12965.10
DELTA DRONE	FR0011522168	ALDR	Euronext Growth Paris	EUR	0.0252	0.0252	0.0235	0.0237	26/10/20 17:35	CET	23038024	561354.3075
DELTA DRONE BSA	FR0013239977	ALDBS	Euronext Growth Paris	EUR	-	-	-	-	-	CET	-	-
DELTA DRONE BSA Y	FR0013400991	ALDBY	Euronext Growth Paris	EUR	0.02	0.055	0.02	0.055	26/10/20 16:52	CET	7000	210.00
DELTA PLUS GROUP	FR0013283108	DLTA	Euronext Paris	EUR	60.60	62.60	60.60	61.60	26/10/20 17:35	CET	4102	248118.80
DERICHEBOURG	FR0000053381	DBG	Euronext Paris	EUR	2.55	2.66	2.55	2.614	26/10/20 17:35	CET	193365	507138.682
DESIGN YOUR HOME	SE0007045380	MLDYH	Euronext Access Paris	EUR	0.11	0.12	0.11	0.12	27/11/18 16:44	CET	22581	2588.91
DEVERNOIS	FR0000060840	ALDEV	Euronext Growth Paris	EUR	59.50	59.50	59.50	59.50	18/07/19 11:30	CET	9	535.50
DEVOTEAM	FR0000073793	DVT	Euronext Paris	EUR	97.60	97.80	97.60	97.60	26/10/20 17:35	CET	15550	1518227.50
DIAGEO	GB0002374006	DGE	Euronext Paris	EUR	28.70	28.80	28.62	28.655	26/10/20 14:52	CET	222	6371.91
DIAGNOSTIC MEDICAL	FR0012202497	DGM	Euronext Paris	EUR	1.69	1.69	1.60	1.60	26/10/20 17:28	CET	80912	132717.80
DIETSWELL	FR0010377127	ALDIE	Euronext Growth Paris	EUR	1.00	1.04	0.99	0.998	26/10/20 17:35	CET	80173	80971.661
DNXCORP	FR0010436584	ALDNX	Euronext Growth Paris	EUR	7.30	7.30	6.60	6.70	26/10/20 16:55	CET	2141	14354.24
DOCK.PETR.AMBES AM	FR0000065260	DPAM	Euronext Paris	EUR	322.00	322.00	322.00	322.00	26/10/20 16:30	CET	5	1610.00
DONTNOD	FR0013331212	ALDNE	Euronext Growth Paris	EUR	14.90	14.90	14.00	14.25	26/10/20 17:35	CET	5205	75040.95
DRONE VOLT	FR0013088606	ALDRV	Euronext Growth Paris	EUR	0.281	0.284	0.23	0.23	26/10/20 17:35	CET	14108264	3568028.518
DYNAFOND	FR0000052920	MLDYN	Euronext Access Paris	EUR	1.50	1.50	1.50	1.50	16/10/20 11:30	CET	200	300.00
DYNEX ENERGY SA	LU0881232630	MLDYX	Euronext Access Paris	EUR	3.10	3.10	3.10	3.10	23/06/20 11:30	CET	30	93.00
EASSON HOLDINGS	HK0000038783	MLEAS	Euronext Access Paris	EUR	0.715	0.715	0.715	0.715	03/02/20 11:30	CET	890	636.36
EASYVISTA	FR0010246322	ALEZV	Euronext Growth Paris	EUR	69.80	69.80	69.60	69.60	26/10/20 16:37	CET	942	65658.40
EAUX DE ROYAN	FR0007200100	MLEDR	Euronext Access Paris	EUR	111.00	111.00	111.00	111.00	26/10/20 16:33	CET	44	4884.00
EAVS	FR0010536185	MLEAV	Euronext Access Paris	EUR	5.65	5.65	5.65	5.65	06/08/20 16:30	CET	145	819.25
ECA	FR0010099515	ECASA	Euronext Paris	EUR	24.00	24.00	23.20	23.30	26/10/20 17:06	CET	4525	106364.50
ECOLUTIONS	DE000A0XYM45	MLECO	Euronext Access Paris	EUR	1.25	1.25	1.25	1.25	21/12/16 15:00	CET	100	125.00
ECOMIAM	FR0013534617	ALECO	Euronext Growth Paris	EUR	12.20	12.20	11.80	11.80	26/10/20 17:35	CET	3275	39047.70
ECOSLOPS	FR0011490648	ALESA	Euronext Growth Paris	EUR	8.04	8.20	8.02	8.10	26/10/20 17:14	CET	3010	24442.38
EDENRED	FR0010908533	EDEN	Euronext Paris	EUR	41.61	42.03	41.06	41.09	26/10/20 17:36	CET	350035	14358933.88
EDF	FR0010242511	EDF	Euronext Paris	EUR	10.425	10.725	10.26	10.285	26/10/20 17:35	CET	2803341	29177190.815
EDILIZIACROBATICA	IT0005351504	ALEAC	Euronext Growth Paris	EUR	5.20	5.20	5.06	5.06	26/10/20 14:34	CET	467	2373.16
EDITIONS DU SIGNE	FR0000052755	MLEDS	Euronext Access Paris	EUR	0.69	0.69	0.65	0.65	14/10/20 16:30	CET	2198	1496.62
EDUNIVERSAL	FR0010439265	MLEDU	Euronext Access Paris	EUR	8.42	8.42	8.42	8.42	18/04/12 15:00	CET	850	7157.00
EGIDE	FR0000072373	GID	Euronext Paris	EUR	0.956	0.956	0.872	0.926	26/10/20 17:25	CET	21464	19525.992
EIFFAGE	FR0000130452	FGR	Euronext Paris	EUR	68.86	69.80	68.26	68.26	26/10/20 17:36	CET	428408	29213512.06
EKINOPS	FR0011466069	EKI	Euronext Paris	EUR	6.12	6.18	5.98	6.14	26/10/20 17:37	CET	89221	542598.12
ELEC.STRASBOURG	FR0000031023	ELEC	Euronext Paris	EUR	119.00	119.00	115.00	116.00	26/10/20 17:20	CET	354	41023.00
ELECT. MADAGASCAR	FR0000035719	EEM	Euronext Paris	EUR	3.28	3.28	3.28	3.28	03/02/20 16:30	CET	1034	3391.52
ELIOR GROUP	FR0011950732	ELIOR	Euronext Paris	EUR	3.648	3.74	3.50	3.50	26/10/20 17:35	CET	575766	2071230.41
ELIS	FR0012435121	ELIS	Euronext Paris	EUR	11.08	11.29	10.81	11.05	26/10/20 17:39	CET	669701	7406086.10
EMOVA GROUP	FR0013356755	ALEMV	Euronext Growth Paris	EUR	0.928	0.928	0.878	0.88	26/10/20 17:35	CET	14727	13154.818
ENCRES DUBUIT	FR0004030708	ALDUB	Euronext Growth Paris	EUR	3.38	3.38	3.20	3.34	26/10/20 15:16	CET	328	1070.70
ENENSYS	FR0013330792	ALNN6	Euronext Growth Paris	EUR	1.05	1.17	0.98	1.00	26/10/20 17:35	CET	172136	184258.914
EES	FR0010945733	MLEES	Euronext Access Paris	EUR	0.282	0.282	0.282	0.282	06/08/20 16:30	CET	20	5.64
ENERGISME	FR0013399359	ALNRG	Euronext Growth Paris	EUR	5.86	5.98	5.86	5.96	26/10/20 17:26	CET	915	5428.34
ENERTIME	FR0011915339	ALENE	Euronext Growth Paris	EUR	1.31	1.32	1.255	1.255	26/10/20 17:35	CET	130190	167155.16
ENGIE	FR0010208488	ENGI	Euronext Paris, Brussels	EUR	11.19	11.37	11.085	11.11	26/10/20 17:36	CET	4565136	50184976.835
ENGIE EPS	FR0012650166	EPS	Euronext Paris	EUR	9.08	9.30	9.04	9.04	26/10/20 17:29	CET	6253	56910.20
ENTREPARTICULIERS	FR0010424697	ALENT	Euronext Growth Paris	EUR	0.695	0.70	0.695	0.70	26/10/20 09:28	CET	141	98.695
ENTREPRENDRE	FR0000045122	ALENR	Euronext Growth Paris	EUR	7.40	7.40	7.40	7.40	08/07/20 11:30	CET	3	22.20
ENVEA	FR0010278762	ALTEV	Euronext Growth Paris	EUR	111.00	111.50	110.00	110.00	26/10/20 17:29	CET	576	63539.50
EO2	FR0010465534	ALEO2	Euronext Growth Paris	EUR	3.60	3.64	3.35	3.44	26/10/20 15:26	CET	3102	10864.95
EOS IMAGING	FR0011191766	EOSI	Euronext Paris	EUR	1.398	1.398	1.346	1.35	26/10/20 17:35	CET	161474	220873.054
ERAMET	FR0000131757	ERA	Euronext Paris	EUR	23.60	24.50	23.45	23.78	26/10/20 17:35	CET	66335	1584872.85
ERYTECH PHARMA	FR0011471135	ERYP	Euronext Paris	EUR	5.10	5.28	4.975	4.975	26/10/20 17:35	CET	46237	237433.105
ESI GROUP	FR0004110310	ESI	Euronext Paris	EUR	38.90	40.00	38.90	40.00	26/10/20 17:35	CET	985	38741.60
ESKER	FR0000035818	ALESK	Euronext Growth Paris	EUR	144.60	144.60	142.20	143.40	26/10/20 17:35	CET	4368	626849.20
ESPERITE	NL0009272137	ESP	Euronext Amsterdam, Paris	EUR	0.031	0.031	0.03	0.03	26/10/20 17:05	CET	456299	13846.5836
ESSILORLUXOTTICA	FR0000121667	EL	Euronext Paris	EUR	114.15	115.20	112.90	113.15	26/10/20 17:35	CET	465349	51755010.40
ESSO	FR0000120669	ES	Euronext Paris	EUR	9.64	9.64	9.10	9.10	26/10/20 17:35	CET	4328	40645.64
EURASIA FONC INV	FR0000061475	EFI	Euronext Paris	EUR	0.18	0.18	0.18	0.18	19/10/20 12:19	CET	450	81.00
EURASIA GROUPE	FR0010844001	ALEUA	Euronext Growth Paris	EUR	7.20	7.20	7.20	7.20	08/03/19 11:30	CET	20	144.00
EURAZEO	FR0000121121	RF	Euronext Paris	EUR	43.00	44.00	42.76	42.88	26/10/20 17:36	CET	74339	3189998.28
EURO RESSOURCES	FR0000054678	EUR	Euronext Paris	EUR	3.10	3.21	3.09	3.21	26/10/20 16:37	CET	5973	18569.83
EUROBIO-SCIENTIFIC	FR0013240934	ALERS	Euronext Growth Paris	EUR	16.90	17.75	16.25	17.10	26/10/20 17:35	CET	349224	5990773.30
EUROFINS CEREP	FR0013256518	ALECR	Euronext Growth Paris	EUR	7400.00	7400.00	7400.00	7400.00	25/09/20 11:30	CET	3	22200.00
EUROFINS SCIENT.	FR0000038259	ERF	Euronext Paris	EUR	695.00	709.20	694.40	696.80	26/10/20 17:36	CET	29999	20899317.80
EUROGERM	FR0010452474	ALGEM	Euronext Growth Paris	EUR	34.00	34.40	34.00	34.40	26/10/20 17:35	CET	1192	40586.60
EUROLAND CORPORATE	FR0010157115	MLERO	Euronext Access Paris	EUR	0.77	0.77	0.77	0.77	26/10/20 16:30	CET	200	154.00
EUROMEDIS GROUPE	FR0000075343	ALEMG	Euronext Growth Paris	EUR	15.30	16.20	14.50	14.70	26/10/20 17:35	CET	84236	1301758.40
EURONEXT	NL0006294274	ENX	Euronext Paris, Amsterdam, Brussels	EUR	93.50	94.20	91.30	91.70	26/10/20 17:35	CET	157496	14502288.65
EUROPACORP	FR0010490920	ECP	Euronext Paris	EUR	0.718	0.718	0.661	0.674	26/10/20 17:29	CET	109598	74882.977
EUROPCAR MOBILITY	FR0012789949	EUCAR	Euronext Paris	EUR	0.613	0.65	0.574	0.579	26/10/20 17:35	CET	3644271	2193622.4455
EUROPLASMA	FR0013514114	ALEUP	Euronext Growth Paris	EUR	2.27	2.27	1.861	1.905	26/10/20 17:35	CET	427257	872051.9985
EUROPLASMA BSC	FR0013294089	EURBU	Euronext Growth Paris	EUR	0.0025	0.0025	0.002	0.002	26/10/20 16:32	CET	631000	1367.50
EUTELSAT COMMUNIC.	FR0010221234	ETL	Euronext Paris	EUR	8.654	8.778	8.60	8.736	26/10/20 17:35	CET	668594	5793183.326
EVERGREEN	FR0000035784	EGR	Euronext Paris	EUR	0.90	0.90	0.90	0.90	21/10/20 11:30	CET	1950	1755.00
EVERSET	FR0000044745	MLEVE	Euronext Access Paris	EUR	0.0915	0.0915	0.0915	0.0915	09/10/20 11:30	CET	110	10.07
EVOLIS	FR0004166197	ALTVO	Euronext Growth Paris	EUR	29.00	30.00	28.40	30.00	22/10/20 11:35	CET	716	20601.40
EXACOMPTA CLAIREF.	FR0000064164	EXAC	Euronext Paris	EUR	93.00	93.00	88.00	88.00	26/10/20 16:30	CET	68	6019.00
EXEL INDUSTRIES	FR0004527638	EXE	Euronext Paris	EUR	37.80	38.00	37.80	38.00	26/10/20 17:25	CET	119	4514.20
EXPLOS.PROD.CHI.PF	FR0000037343	EPCP	Euronext Paris	EUR	650.00	650.00	650.00	650.00	26/10/20 12:16	CET	4	2600.00
EXPLOSIFS PROD.CHI	FR0000039026	EXPL	Euronext Paris	EUR	650.00	650.00	650.00	650.00	16/10/20 13:58	CET	3	1950.00
FACEPHI	ES0105029005	ALPHI	Euronext Growth Paris	EUR	6.00	6.30	6.00	6.00	23/10/20 10:05	CET	301	1866.00
FASHION B AIR	FR0004034593	ALFBA	Euronext Growth Paris	EUR	0.38	0.38	0.38	0.38	26/10/20 09:00	CET	40	15.20
FAURECIA	FR0000121147	EO	Euronext Paris	EUR	37.09	38.92	36.99	37.46	26/10/20 17:35	CET	398716	15028465.45
FAUVET GIREL	FR0000063034	FAUV	Euronext Paris	EUR	11.20	11.20	10.20	10.20	22/10/20 16:30	CET	176	1801.20
FAYENC.SARREGUEMI.	FR0000031973	FAYE	Euronext Paris	EUR	33.00	33.00	33.00	33.00	31/08/20 16:30	CET	1	33.00
FD	FR0012300424	MLFDV	Euronext Access Paris	EUR	0.43	0.43	0.43	0.43	07/10/20 16:30	CET	1000	430.00
FDJ	FR0013451333	FDJ	Euronext Paris	EUR	32.75	32.99	32.45	32.50	26/10/20 17:35	CET	110451	3599566.34
FERM.CAS.MUN.CANNE	FR0000062101	FCMC	Euronext Paris	EUR	1070.00	1070.00	1070.00	1070.00	22/10/20 16:30	CET	1	1070.00
FERMENTALG	FR0011271600	FALG	Euronext Paris	EUR	1.242	1.26	1.174	1.174	26/10/20 17:35	CET	110150	133674.846
FFP	FR0000064784	FFP	Euronext Paris	EUR	73.50	75.50	72.30	72.70	26/10/20 17:35	CET	9618	707831.90
FIDUCIAL OFF.SOL.	FR0000061418	SACI	Euronext Paris	EUR	28.20	28.20	28.20	28.20	26/10/20 11:30	CET	1	28.20
FIDUCIAL REAL EST.	FR0000060535	ORIA	Euronext Paris	EUR	171.00	171.00	171.00	171.00	26/10/20 11:30	CET	33	5643.00
FIGEAC AERO	FR0011665280	FGA	Euronext Paris	EUR	2.71	2.735	2.61	2.61	26/10/20 17:35	CET	25686	68602.29
FILAE	FR0010221069	ALFIL	Euronext Growth Paris	EUR	10.10	10.10	10.10	10.10	26/10/20 11:30	CET	168	1696.80
FIN.ETANG BERRE	FR0000062341	BERR	Euronext Paris	EUR	5.00	5.00	5.00	5.00	20/10/20 16:30	CET	1	5.00
FIN.ETANG BERRE PF	FR0000062507	EBPF	Euronext Paris	EUR	93.00	93.00	93.00	93.00	04/08/20 11:30	CET	10	930.00
FINANCIERE MARJOS	FR0000060824	FINM	Euronext Paris	EUR	0.256	0.256	0.256	0.256	20/10/20 16:30	CET	337	86.27
FINANCIERE ODET	FR0000062234	ODET	Euronext Paris	EUR	680.00	686.00	676.00	680.00	26/10/20 17:35	CET	5498	3738540.00
FINATIS	FR0000035123	FNTS	Euronext Paris	EUR	22.00	22.00	22.00	22.00	26/10/20 11:30	CET	16	352.00
FINAXO	FR0010487272	MLFXO	Euronext Access Paris	EUR	4.70	4.70	4.70	4.70	25/07/18 16:30	CET	1000	4700.00
FIPP	FR0000038184	FIPP	Euronext Paris	EUR	0.216	0.234	0.216	0.234	26/10/20 17:07	CET	5655	1275.11
FIRSTCAUTION	CH0120879058	MLFIR	Euronext Access Paris	EUR	19.50	19.50	19.50	19.50	16/09/20 12:46	CET	10	195.00
FLEURY MICHON	FR0000074759	ALFLE	Euronext Growth Paris	EUR	23.90	24.40	23.40	24.30	26/10/20 17:18	CET	2336	55596.80
FNAC DARTY	FR0011476928	FNAC	Euronext Paris	EUR	43.00	43.30	40.50	40.50	26/10/20 17:35	CET	153231	6339705.26
FOCUS HOME INT	FR0012419307	ALFOC	Euronext Growth Paris	EUR	41.90	41.90	40.00	40.30	26/10/20 17:35	CET	13353	543891.10
FONC VOLTA NV20	FR0013467438	SPENV	Euronext Paris	EUR	-	-	-	-	-	CET	-	-
FONCIERE 7 INVEST	FR0000065930	LEBL	Euronext Paris	EUR	1.37	1.37	1.37	1.37	14/10/20 11:30	CET	66	90.42
FONCIERE ATLAND	FR0000064362	FATL	Euronext Paris	EUR	143.00	143.00	143.00	143.00	26/10/20 09:00	CET	5	715.00
FONCIERE EURIS	FR0000038499	EURS	Euronext Paris	EUR	7.10	7.10	7.10	7.10	26/10/20 11:30	CET	10	71.00
FONCIERE INEA	FR0010341032	INEA	Euronext Paris	EUR	37.90	37.90	37.10	37.20	26/10/20 17:35	CET	617	23024.90
FONCIERE LYONNAISE	FR0000033409	FLY	Euronext Paris	EUR	58.80	59.00	56.60	57.00	26/10/20 17:35	CET	737	42553.80
FONC. PARIS NORD	FR0011277391	FPN	Euronext Paris	EUR	0.029	0.029	0.021	0.0265	26/10/20 17:29	CET	176639	4768.1755
FONCIERE VINDI	FR0011605617	MLVIN	Euronext Access Paris	EUR	2.34	2.34	2.34	2.34	12/10/20 11:30	CET	5	11.70
FONCIERE VOLTA	FR0000053944	SPEL	Euronext Paris	EUR	5.90	5.90	5.90	5.90	26/10/20 14:05	CET	833	4914.70
FORESTIERE EQUAT.	CI0000053161	FORE	Euronext Paris	EUR	685.00	685.00	685.00	685.00	02/10/20 16:30	CET	34	23290.00
FOUNTAINE PAJOT	FR0010485268	ALFPC	Euronext Growth Paris	EUR	63.40	65.60	63.40	63.60	26/10/20 17:35	CET	2687	174135.40
FRANCAISE ENERGIE	FR0013030152	LFDE	Euronext Paris	EUR	15.00	15.35	15.00	15.00	26/10/20 16:21	CET	1695	25479.75
FRANCE SOIR GROUPE	FR0013222346	MLFSG	Euronext Access Paris	EUR	0.008	0.008	0.008	0.008	26/10/20 11:30	CET	10000	80.00
FRANCE TOURISME	FR0010823724	MLFTI	Euronext Access Paris	EUR	0.031	0.031	0.031	0.031	22/10/20 11:30	CET	2844	88.16
FREELANCE.COM	FR0004187367	ALFRE	Euronext Growth Paris	EUR	4.00	4.00	3.60	3.63	26/10/20 17:35	CET	57448	218015.74
FREY	FR0010588079	FREY	Euronext Paris	EUR	31.20	31.20	31.20	31.20	26/10/20 16:48	CET	24	748.80
G.A.I.	FR0000053415	MLGAI	Euronext Access Paris	EUR	73.00	73.00	73.00	73.00	23/01/20 12:50	CET	80	5840.00
GALEO	FR0011100759	MLGAL	Euronext Access Paris	EUR	0.62	0.62	0.62	0.62	23/10/20 11:47	CET	450	279.00
GALIMMO	FR0000030611	GALIM	Euronext Paris	EUR	16.80	16.80	16.80	16.80	26/10/20 11:30	CET	1	16.80
GASCOGNE	FR0000124414	ALBI	Euronext Growth Paris	EUR	3.36	3.50	3.34	3.50	26/10/20 17:35	CET	335	1141.68
GAUMONT	FR0000034894	GAM	Euronext Paris	EUR	98.60	98.60	98.40	98.40	26/10/20 17:35	CET	29	2855.40
GAUSSIN	FR0013495298	ALGAU	Euronext Growth Paris	EUR	6.01	6.062	4.90	5.05	26/10/20 17:38	CET	2165903	11736032.198
GAUSSIN BSAR	FR0011462803	GAUBS	Euronext Growth Paris	EUR	0.39	0.396	0.312	0.324	26/10/20 17:09	CET	72297	25479.742
GTT	FR0011726835	GTT	Euronext Paris	EUR	86.40	86.70	84.40	84.50	26/10/20 17:35	CET	48129	4108112.15
GEA GRENOBL.ELECT.	FR0000053035	GEA	Euronext Paris	EUR	109.00	109.00	109.00	109.00	26/10/20 17:03	CET	27	2943.00
GECI INTL	FR0000079634	GECP	Euronext Paris	EUR	0.025	0.0254	0.0245	0.0253	26/10/20 17:35	CET	1639265	41026.2786
GECI INTL BSAR A	FR0013266764	GECBT	Euronext Paris	EUR	0.003	0.003	0.003	0.003	26/10/20 09:36	CET	534	1.602
GECINA	FR0010040865	GFC	Euronext Paris	EUR	109.60	111.30	108.50	109.70	26/10/20 17:36	CET	123702	13563262.00
GENERAL ELECTRIC	US3696041033	GNE	Euronext Paris	EUR	6.30	6.431	6.205	6.25	26/10/20 17:29	CET	15794	99845.476
GENERIX GROUP	FR0010501692	GENX	Euronext Paris	EUR	7.76	7.84	7.66	7.84	26/10/20 17:36	CET	5849	45395.84
GENEURO	CH0308403085	GNRO	Euronext Paris	EUR	3.01	3.01	2.81	2.81	26/10/20 17:21	CET	4799	13701.27
GENFIT	FR0004163111	GNFT	Euronext Paris	EUR	3.50	3.52	3.338	3.35	26/10/20 17:35	CET	392518	1343941.804
GENKYOTEX	FR0013399474	GKTX	Euronext Paris, Brussels	EUR	2.98	3.00	2.94	2.94	26/10/20 17:29	CET	15441	46023.55
GENOMIC VISION	FR0011799907	GV	Euronext Paris	EUR	1.10	1.708	1.08	1.436	26/10/20 17:36	CET	79115996	109100549.276
GENOWAY	FR0004053510	ALGEN	Euronext Growth Paris	EUR	3.19	3.19	2.81	2.88	26/10/20 17:29	CET	210215	621361.58
GENSIGHT BIOLOGICS	FR0013183985	SIGHT	Euronext Paris	EUR	4.31	4.34	3.86	3.86	26/10/20 17:35	CET	708145	2890801.01
GENTLEMENS EQUITY	PTGVE1AE0009	MLGEQ	Euronext Access Paris	EUR	0.40	0.40	0.40	0.40	23/10/20 16:30	CET	8333	3333.20
GETLINK SE	FR0010533075	GET	Euronext Paris	EUR	12.66	12.80	12.46	12.50	26/10/20 17:36	CET	792363	9879606.58
GEVELOT	FR0000033888	ALGEV	Euronext Growth Paris	EUR	156.00	156.00	156.00	156.00	26/10/20 17:25	CET	30	4680.00
GL EVENTS	FR0000066672	GLO	Euronext Paris	EUR	7.12	7.12	6.82	7.06	26/10/20 17:37	CET	32386	226493.80
GLOBAL ECOPOWER	FR0011289198	ALGEP	Euronext Growth Paris	EUR	2.27	2.35	2.09	2.23	16/07/20 12:03	CET	471138	1052140.30
GEP BSA 2020	FR0013483047	GEPBS	Euronext Growth Paris	EUR	-	-	-	-	-	CET	-	-
GLOBAL BIOENERGIES	FR0011052257	ALGBE	Euronext Growth Paris	EUR	2.99	2.99	2.82	2.86	26/10/20 17:35	CET	22537	65098.16
GOLD BY GOLD	FR0011208693	ALGLD	Euronext Growth Paris	EUR	1.08	1.08	1.07	1.07	26/10/20 16:30	CET	1333	1427.14
GOUR MEDICAL	FR0013371507	MLGML	Euronext Access Paris	EUR	0.13	0.13	0.13	0.13	26/10/20 16:30	CET	5400	702.00
GPE GROUP PIZZORNO	FR0010214064	GPE	Euronext Paris	EUR	19.70	19.70	19.60	19.60	26/10/20 16:00	CET	61	1195.70
GRAINES VOLTZ	FR0000065971	GRVO	Euronext Paris	EUR	88.00	88.00	88.00	88.00	26/10/20 16:38	CET	1781	156728.00
GROUPE CARNIVOR	FR0000076960	MLGRC	Euronext Access Paris	EUR	17.00	17.00	17.00	17.00	10/09/20 11:30	CET	1	17.00
GROUPE CRIT	FR0000036675	CEN	Euronext Paris	EUR	52.40	54.50	51.80	54.50	26/10/20 17:35	CET	699	36962.40
GROUPE FLO	FR0004076891	FLO	Euronext Paris	EUR	0.14	0.1475	0.13	0.133	26/10/20 16:06	CET	54261	7585.062
GROUPE GORGE	FR0000062671	GOE	Euronext Paris	EUR	12.88	12.90	12.72	12.78	26/10/20 17:28	CET	11110	141836.40
GROUPE GUILLIN	FR0012819381	ALGIL	Euronext Growth Paris	EUR	22.55	22.60	22.00	22.00	26/10/20 17:39	CET	10052	222192.90
GROUPE IRD	FR0000124232	IRD	Euronext Paris	EUR	20.00	20.00	20.00	20.00	26/10/20 09:00	CET	15	300.00
GROUPE JAJ	FR0004010338	GJAJ	Euronext Paris	EUR	0.98	0.98	0.98	0.98	21/09/20 16:30	CET	200	196.00
GROUPE LDLC	FR0000075442	ALLDL	Euronext Growth Paris	EUR	31.00	31.50	30.90	31.50	26/10/20 17:35	CET	5976	186576.20
GROUPE OPEN	FR0004050300	OPN	Euronext Paris	EUR	14.84	14.94	14.82	14.94	26/10/20 17:35	CET	3152	46889.92
GPE PAROT (AUTO)	FR0013204070	ALPAR	Euronext Growth Paris	EUR	1.675	1.675	1.53	1.53	26/10/20 17:35	CET	137	214.705
GROUPE PARTOUCHE	FR0012612646	PARP	Euronext Paris	EUR	17.45	17.60	17.40	17.40	26/10/20 16:24	CET	142	2479.45
GROUPE PLUS-VALUES	FR0010529719	MLPVG	Euronext Access Paris	EUR	0.01	0.01	0.01	0.01	18/03/13 15:00	CET	20000	200.00
GROUPE SFPI	FR0004155000	SFPI	Euronext Paris	EUR	1.40	1.40	1.27	1.27	26/10/20 17:35	CET	75715	100867.42
GROUPE TERA	FR0013429404	ALGTR	Euronext Growth Paris	EUR	4.60	4.80	4.42	4.80	26/10/20 16:53	CET	181	820.56
GROUPIMO	FR0013297488	ALIMO	Euronext Growth Paris	EUR	0.128	0.128	0.128	0.128	26/10/20 16:30	CET	100	12.80
GT BIOPHARMA INC	US36254L1008	GTBP	Euronext Paris	EUR	0.27	0.27	0.27	0.27	19/03/20 11:30	CET	2	0.54
GUANDAO PUER INVES	LU1840650458	MLGDI	Euronext Access Paris	EUR	1.50	1.50	1.50	1.50	24/09/20 11:30	CET	50	75.00
GUERBET	FR0000032526	GBT	Euronext Paris	EUR	28.00	29.60	28.00	29.60	26/10/20 17:37	CET	4812	139978.15
GUILLEMOT	FR0000066722	GUI	Euronext Paris	EUR	8.12	8.16	6.66	6.90	26/10/20 17:35	CET	338114	2490706.78
H2O INNOVATION INC	CA4433003064	ALHEO	Euronext Growth Paris	EUR	1.17	1.17	1.17	1.17	26/10/20 14:32	CET	464	542.88
HAULOTTE GROUP	FR0000066755	PIG	Euronext Paris	EUR	4.19	4.22	4.00	4.00	26/10/20 17:35	CET	13250	54567.405
HEALTH	FR0013251584	MLAHC	Euronext Access Paris	EUR	1.50	1.50	1.50	1.50	23/10/20 16:30	CET	300	450.00
HEALTHCARE ACTIVOS	ES0105498002	MLHAY	Euronext Access Paris	EUR	1.43	1.43	1.43	1.43	30/09/20 00:00	CET	-	-
HERIGE	FR0000066540	ALHRG	Euronext Growth Paris	EUR	25.20	25.20	24.60	24.60	26/10/20 15:31	CET	144	3568.80
HERMES INTL	FR0000052292	RMS	Euronext Paris	EUR	819.40	828.80	817.00	826.20	26/10/20 17:36	CET	59520	48710660.80
HEXAOM	FR0004159473	HEXA	Euronext Paris	EUR	30.30	30.30	30.10	30.30	26/10/20 16:52	CET	797	24079.60
HF	FR0000038531	HF	Euronext Paris	EUR	4.49	4.49	4.41	4.41	26/10/20 17:07	CET	653	2901.19
HIGH CO	FR0000054231	HCO	Euronext Paris	EUR	4.77	4.78	4.61	4.78	26/10/20 17:35	CET	11971	55909.82
HIOLLE INDUSTRIES	FR0000077562	ALHIO	Euronext Growth Paris	EUR	3.14	3.14	2.98	3.12	26/10/20 13:24	CET	542	1639.96
HIPAY GROUP	FR0012821916	HIPAY	Euronext Paris	EUR	8.52	9.16	8.42	9.00	26/10/20 17:35	CET	18338	162484.06
HITECHPROS	FR0010396309	ALHIT	Euronext Growth Paris	EUR	13.50	13.50	13.50	13.50	22/10/20 11:30	CET	74	999.00
HK	DE000A11Q133	MLHK	Euronext Access Paris	EUR	41.00	41.00	41.00	41.00	26/10/20 11:30	CET	1	41.00
HOCHE BAINS L.BAIN	FR0000051302	MLHBB	Euronext Access Paris	EUR	17.00	17.00	17.00	17.00	21/10/20 11:30	CET	68	1156.00
HOFFMANN	FR0013451044	ALHGR	Euronext Growth Paris	EUR	24.50	24.70	24.20	24.50	26/10/20 17:35	CET	2053	49840.90
HOME CONCEPT	FR0012336691	MLHCF	Euronext Access Paris	EUR	15.00	15.00	15.00	15.00	10/03/20 11:30	CET	1	15.00
HOPENING	FR0010312181	MLHPE	Euronext Access Paris	EUR	2.94	2.94	2.94	2.94	26/10/20 11:30	CET	10	29.40
HOPSCOTCH GROUPE	FR0000065278	HOP	Euronext Paris	EUR	4.40	4.40	4.20	4.20	26/10/20 17:12	CET	2395	10274.65
HORIZONTALSOFTWARE	FR0013219367	ALHSW	Euronext Growth Paris	EUR	0.81	0.81	0.81	0.81	02/09/20 11:40	CET	200	162.00
HOT.MAJESTIC CANNE	FR0006226791	MLHMC	Euronext Access Paris	EUR	3520.00	3520.00	3520.00	3520.00	23/10/20 11:30	CET	1	3520.00
HOTELIM	FR0000053738	MLHOT	Euronext Access Paris	EUR	30.00	30.00	30.00	30.00	26/10/20 16:30	CET	43	1290.00
HOTELS DE PARIS	FR0004165801	HDP	Euronext Paris	EUR	2.02	2.02	2.02	2.02	26/10/20 16:30	CET	12	24.24
HOTL.IMMOB.NICE	FR0006563904	MLHIN	Euronext Access Paris	EUR	300.00	300.00	300.00	300.00	22/05/20 16:30	CET	1	300.00
HSBC HOLDINGS	GB0005405286	HSB	Euronext Paris	EUR	3.4865	3.616	3.466	3.5265	26/10/20 17:35	CET	30238	107388.9555
HYBRIGENICS	FR0004153930	ALHYG	Euronext Growth Paris	EUR	0.197	0.1988	0.187	0.189	26/10/20 17:35	CET	2174424	418153.0358
HYDRAULIQUE PB	FR0000064735	MLHYD	Euronext Access Paris	EUR	340.00	340.00	340.00	340.00	19/10/20 16:30	CET	5	1700.00
HYDRO-EXPLOIT.	FR0005843125	MLHYE	Euronext Access Paris	EUR	77.00	77.00	77.00	77.00	08/10/20 11:30	CET	7	539.00
I.CERAM	FR0011511971	ALICR	Euronext Growth Paris	EUR	1.06	1.065	1.055	1.06	26/10/20 17:35	CET	1067	1130.88
I2S	FR0005854700	ALI2S	Euronext Growth Paris	EUR	3.58	3.58	3.58	3.58	19/10/20 17:08	CET	513	1836.54
IANTE INVESTMENTS	ES0105479002	MLINT	Euronext Access Paris	EUR	4.62	4.62	4.62	4.62	29/05/20 00:00	CET	-	-
ICADE	FR0000035081	ICAD	Euronext Paris	EUR	46.72	47.70	46.30	46.68	26/10/20 17:39	CET	141576	6605348.14
ID LOGISTICS GROUP	FR0010929125	IDL	Euronext Paris	EUR	200.00	207.00	200.00	201.50	26/10/20 17:35	CET	2193	445933.00
IDI	FR0000051393	IDIP	Euronext Paris	EUR	38.70	38.70	38.30	38.60	26/10/20 16:28	CET	132	5094.20
IDS	FR0000079691	MLIDS	Euronext Access Paris	EUR	0.70	0.70	0.70	0.70	20/10/20 17:08	CET	200	140.00
IDSUD	FR0000062184	ALIDS	Euronext Growth Paris	EUR	69.80	70.00	68.40	69.00	26/10/20 16:44	CET	528	36809.60
IGE + XAO	FR0000030827	IGE	Euronext Paris	EUR	173.00	174.00	173.00	174.00	26/10/20 13:44	CET	21	3648.00
ILIAD	FR0004035913	ILD	Euronext Paris	EUR	164.25	165.65	162.10	162.30	26/10/20 17:36	CET	58833	9547557.50
IMALLIANCE	FR0010086371	MLIML	Euronext Access Paris	EUR	0.30	0.30	0.28	0.28	26/10/20 16:30	CET	30000	8440.00
IMERYS	FR0000120859	NK	Euronext Paris	EUR	28.26	28.46	27.28	27.44	26/10/20 17:35	CET	161521	4486784.24
IMM.PARIS.PERLE	FR0006859039	MLIPP	Euronext Access Paris	EUR	51.50	51.50	51.50	51.50	04/09/20 12:54	CET	1	51.50
IMMERSION	FR0013060100	ALIMR	Euronext Growth Paris	EUR	2.06	2.06	2.02	2.02	26/10/20 16:30	CET	418	851.08
IMMOB.DASSAULT	FR0000033243	IMDA	Euronext Paris	EUR	58.40	58.40	57.20	57.80	26/10/20 15:06	CET	199	11465.00
IMPLANET	FR0013470168	ALIMP	Euronext Growth Paris	EUR	0.82	0.8399	0.802	0.81	26/10/20 17:35	CET	34365	27919.687
IMPRIMERIE CHIRAT	FR0000065773	MLIMP	Euronext Access Paris	EUR	9.10	9.10	9.10	9.10	26/10/20 11:30	CET	1	9.10
INDLE FIN.ENTREPR.	FR0000066219	INFE	Euronext Paris	EUR	50.50	50.50	50.50	50.50	26/10/20 11:30	CET	64	3232.00
INFOCLIP	FR0011158823	MLIFC	Euronext Access Paris	EUR	1.80	1.80	1.80	1.80	19/10/20 17:08	CET	1	1.80
INFOTEL	FR0000071797	INF	Euronext Paris	EUR	37.80	37.90	37.40	37.60	26/10/20 17:35	CET	1035	39008.80
INGENICO GROUP	FR0000125346	ING	Euronext Paris	EUR	130.10	131.65	126.25	126.65	26/10/20 17:36	CET	181219	23054917.65
INMOSUPA	ES0105473005	MLISP	Euronext Access Paris	EUR	1.62	1.62	1.62	1.62	06/04/20 00:00	CET	-	-
FIN.OUEST AFRICAIN	SN0000033192	FOAF	Euronext Paris	EUR	7.35	7.35	7.35	7.35	15/06/20 16:30	CET	60	441.00
INNATE PHARMA	FR0010331421	IPH	Euronext Paris	EUR	3.478	3.568	3.37	3.372	26/10/20 17:36	CET	838984	2891877.172
INNELEC MULTIMEDIA	FR0000064297	INN	Euronext Paris	EUR	5.20	5.20	5.04	5.06	26/10/20 17:36	CET	2796	14291.24
INNOVADERMA PLC	GB00BT9PTW34	MLIDP	Euronext Access Paris	EUR	0.70	0.70	0.70	0.70	05/09/16 15:00	CET	75	52.50
INNOVATIVE RFK SPA	IT0005391161	MLIRF	Euronext Access Paris	EUR	1.65	1.65	1.65	1.65	17/09/20 16:30	CET	500	825.00
INSTALLUX	FR0000060451	ALLUX	Euronext Growth Paris	EUR	314.00	314.00	300.00	300.00	26/10/20 16:30	CET	4	1242.00
INTEGRAGEN	FR0010908723	ALINT	Euronext Growth Paris	EUR	2.22	2.31	2.21	2.29	26/10/20 17:21	CET	35851	81262.71
IFF	US4595061015	IFF	Euronext Paris	EUR	124.00	124.00	124.00	124.00	31/10/19 12:45	CET	300	37200.00
INTERPARFUMS	FR0004024222	ITP	Euronext Paris	EUR	39.85	39.85	39.50	39.70	26/10/20 17:35	CET	8732	346463.70
INTEXA	FR0000064958	ITXT	Euronext Paris	EUR	3.30	3.30	3.30	3.30	17/06/20 11:30	CET	253	834.90
INTRASENSE	FR0011179886	ALINS	Euronext Growth Paris	EUR	1.15	1.175	1.07	1.11	26/10/20 17:35	CET	661384	742284.245
INVENTIVA	FR0013233012	IVA	Euronext Paris	EUR	11.46	11.48	10.76	10.82	26/10/20 17:35	CET	68522	752060.12
INVIBES ADVERTSING	BE0974299316	ALINV	Euronext Growth Paris	EUR	7.05	7.05	7.00	7.00	26/10/20 15:57	CET	14041	98317.25
IOC HOLDING	BE6200101556	MLIOC	Euronext Access Paris	EUR	0.154	0.154	0.154	0.154	21/10/20 16:30	CET	200	30.80
IPOSA PROPERTIES	ES0105417002	MLIPO	Euronext Access Paris	EUR	18.74	18.74	18.74	18.74	05/08/19 00:00	CET	-	-
IPSEN	FR0010259150	IPN	Euronext Paris	EUR	80.30	82.20	79.50	79.80	26/10/20 17:35	CET	94458	7564176.85
IPSOS	FR0000073298	IPS	Euronext Paris	EUR	23.60	24.00	23.25	23.25	26/10/20 17:35	CET	90871	2132497.65
IT LINK	FR0000072597	ALITL	Euronext Growth Paris	EUR	10.30	10.30	9.60	9.62	26/10/20 17:35	CET	4378	44300.79
ITALY INNOVAZIONI	IT0005336521	MLITN	Euronext Access Paris	EUR	8.20	8.20	8.20	8.20	22/04/20 16:30	CET	52	426.40
ITESOFT	FR0004026151	ITE	Euronext Paris	EUR	3.06	3.06	3.06	3.06	26/10/20 09:00	CET	50	153.00
IVALIS	FR0010082305	ALIVA	Euronext Growth Paris	EUR	10.30	10.30	10.30	10.30	21/07/20 12:44	CET	59	607.70
JACQUES BOGART	FR0012872141	JBOG	Euronext Paris	EUR	9.02	9.16	8.88	8.92	26/10/20 17:18	CET	3619	32572.48
JACQUET METALS	FR0000033904	JCQ	Euronext Paris	EUR	10.10	10.12	10.00	10.00	26/10/20 17:35	CET	4544	45572.34
JC DECAUX SA.	FR0000077919	DEC	Euronext Paris	EUR	13.70	14.02	13.54	13.54	26/10/20 17:35	CET	195648	2670274.65
JSA TECHNOLOGY	FR0010680033	MLJSA	Euronext Access Paris	EUR	0.448	0.448	0.448	0.448	13/10/20 16:30	CET	100	44.80
KALRAY	FR0010722819	ALKAL	Euronext Growth Paris	EUR	21.50	21.80	21.00	21.30	26/10/20 17:35	CET	5037	107201.10
KAUFMAN ET BROAD	FR0004007813	KOF	Euronext Paris	EUR	32.70	32.90	32.50	32.70	26/10/20 17:35	CET	22664	730845.30
KERING	FR0000121485	KER	Euronext Paris	EUR	548.20	556.60	541.50	549.40	26/10/20 17:35	CET	202616	109248228.00
KERLINK	FR0013156007	ALKLK	Euronext Growth Paris	EUR	3.055	3.055	2.865	2.865	26/10/20 17:28	CET	37819	111719.055
KEYRUS	FR0004029411	KEY	Euronext Paris	EUR	2.10	2.48	2.07	2.07	26/10/20 17:35	CET	163619	377346.79
KKO INTERNATIONAL	FR0013374667	ALKKO	Euronext Growth Paris, Brussels	EUR	0.137	0.137	0.125	0.126	26/10/20 17:35	CET	395454	50865.8215
KLEPIERRE	FR0000121964	LI	Euronext Paris	EUR	12.14	12.685	11.945	12.31	26/10/20 17:36	CET	1419402	17457501.965
KLIMVEST	GB00B19RTX44	ALSIM	Euronext Growth Paris	EUR	1.00	1.00	1.00	1.00	12/10/20 16:59	CET	433	433.00
KORIAN	FR0010386334	KORI	Euronext Paris	EUR	26.60	26.60	25.70	25.80	26/10/20 17:35	CET	156048	4047703.32
KRIEF GROUP	FR0004152700	MLKRI	Euronext Access Paris	EUR	2.46	2.46	2.46	2.46	22/10/20 16:30	CET	100	246.00
KUMULUS VAPE	FR0013419876	MLVAP	Euronext Access Paris	EUR	4.02	4.04	4.02	4.04	22/10/20 16:30	CET	355	1429.10
L'OREAL	FR0000120321	OR	Euronext Paris	EUR	286.80	288.30	285.00	285.30	26/10/20 17:36	CET	321701	90661910.20
LDC	FR0013204336	LOUP	Euronext Paris	EUR	99.80	99.80	97.60	98.80	26/10/20 17:35	CET	817	80555.20
LA FONCIERE VERTE	FR0000039638	LFVE	Euronext Paris	EUR	111.00	111.00	111.00	111.00	03/09/20 11:30	CET	1	111.00
LA PERLA FASHION	NL0012191662	ALPER	Euronext Growth Paris	EUR	3.80	3.80	3.80	3.80	26/10/20 09:00	CET	1	3.80
LACROIX SA	FR0000066607	LACR	Euronext Paris	EUR	25.10	25.10	24.80	25.00	26/10/20 17:35	CET	1679	41950.00
LAFARGEHOLCIM LTD	CH0012214059	LHN	Euronext Paris	EUR	38.53	39.33	38.23	38.37	26/10/20 17:35	CET	23540	898700.93
LAFUMA	FR0000035263	LAF	Euronext Paris	EUR	17.20	17.85	17.20	17.85	21/10/20 16:30	CET	321	5729.20
LAGARDERE S.C.A.	FR0000130213	MMB	Euronext Paris	EUR	21.36	21.68	21.14	21.32	26/10/20 17:39	CET	115990	2477436.14
LANSON-BCC	FR0004027068	ALLAN	Euronext Growth Paris	EUR	17.60	17.60	17.20	17.60	26/10/20 11:04	CET	303	5240.70
LATECOERE	FR0000032278	LAT	Euronext Paris	EUR	1.164	1.174	1.158	1.17	26/10/20 17:35	CET	17536	20395.692
LAURENT-PERRIER	FR0006864484	LPE	Euronext Paris	EUR	71.00	71.60	70.80	70.80	26/10/20 17:37	CET	319	22678.40
LE TANNEUR	FR0000075673	ALTAN	Euronext Growth Paris	EUR	2.60	2.72	2.60	2.72	21/10/20 17:35	CET	71	188.44
LEBON	FR0000121295	LBON	Euronext Paris	EUR	69.60	69.60	66.00	66.00	26/10/20 16:42	CET	223	15169.60
LECTRA	FR0000065484	LSS	Euronext Paris	EUR	19.70	19.78	18.94	19.10	26/10/20 17:35	CET	16454	316356.04
LEGRAND	FR0010307819	LR	Euronext Paris	EUR	67.62	68.40	66.64	66.64	26/10/20 17:37	CET	412436	27217392.88
LES HOTELS BAVEREZ	FR0007080254	ALLHB	Euronext Growth Paris	EUR	52.50	52.50	52.50	52.50	23/10/20 11:30	CET	1	52.50
MAISONS D'AUJOURD	FR0010515742	MLMAI	Euronext Access Paris	EUR	0.55	0.55	0.55	0.55	26/10/20 11:30	CET	180	99.00
LV4S	BE6201089735	MLV4S	Euronext Access Paris	EUR	3.84	3.84	3.84	3.84	26/10/20 16:30	CET	11	42.24
LESTQBLANC202212BS	FR0013483401	TBMBT	Euronext Access Paris	EUR	-	-	-	-	-	CET	-	-
LEXIBOOK LINGUIST.	FR0000033599	ALLEX	Euronext Growth Paris	EUR	0.986	1.07	0.982	1.045	26/10/20 17:35	CET	99682	101497.934
LINEDATA SERVICES	FR0004156297	LIN	Euronext Paris	EUR	27.40	27.40	26.50	26.60	26/10/20 17:35	CET	2486	66762.40
LISI	FR0000050353	FII	Euronext Paris	EUR	15.00	15.22	14.76	15.14	26/10/20 17:35	CET	9023	135238.44
LLEIDA	ES0105089009	ALLLN	Euronext Growth Paris	EUR	9.30	9.30	8.90	8.90	26/10/20 17:35	CET	4733	43065.80
LNA SANTE	FR0004170017	LNA	Euronext Paris	EUR	47.15	47.15	46.40	46.65	26/10/20 17:35	CET	10084	471368.80
LOCASYSTEM INTL	FR0004155208	MLLOI	Euronext Access Paris	EUR	3.50	3.50	3.50	3.50	25/08/17 11:30	CET	1	3.50
LOGIC INSTRUMENT	FR0000044943	ALLOG	Euronext Growth Paris	EUR	0.52	0.536	0.483	0.528	26/10/20 17:09	CET	49505	24957.544
LOGIS CONFORT	ES0105333001	MLLOG	Euronext Access Paris	EUR	-	-	-	-	-	CET	-	-
LOMBARD ET MEDOT	FR0006205019	MLCAC	Euronext Access Paris	EUR	10.90	10.90	10.90	10.90	20/10/20 11:30	CET	20	218.00
LUCIBEL	FR0011884378	ALUCI	Euronext Growth Paris	EUR	0.892	0.936	0.84	0.936	26/10/20 16:39	CET	10903	9573.35
LUCIBEL BS	FR0013525953	LUCBS	Euronext Growth Paris	EUR	0.0611	0.062	0.0611	0.062	26/10/20 15:38	CET	1788	110.595
LUMIBIRD	FR0000038242	LBIRD	Euronext Paris	EUR	10.12	10.26	9.85	9.85	26/10/20 17:35	CET	10009	100545.05
LVMH	FR0000121014	MC	Euronext Paris	EUR	423.10	426.25	420.75	421.75	26/10/20 17:35	CET	398248	165031332.55
LYSOGENE	FR0013233475	LYS	Euronext Paris	EUR	1.91	1.965	1.85	1.85	26/10/20 17:35	CET	43508	82165.995
M.R.M	FR0000060196	MRM	Euronext Paris	EUR	0.83	0.83	0.82	0.82	26/10/20 16:55	CET	4089	3388.87
M2I	FR0013270626	ALMII	Euronext Growth Paris	EUR	3.96	4.00	3.96	4.00	23/10/20 16:06	CET	550	2180.84
MADE	FR0010328302	MLMAD	Euronext Access Paris	EUR	6.80	6.80	6.80	6.80	26/10/20 16:30	CET	4	27.20
MADVERTISE	FR0010812230	ALMNG	Euronext Growth Paris	EUR	0.55	0.56	0.495	0.524	26/10/20 17:35	CET	236196	122812.93
MAGILLEM	FR0010827741	MLMGL	Euronext Access Paris	EUR	19.80	19.80	19.80	19.80	26/10/20 16:59	CET	1700	33660.00
MAIS.ANTOINE BAUD	FR0000061657	MLMAB	Euronext Access Paris	EUR	120.00	120.00	120.00	120.00	26/10/20 11:36	CET	50	6000.00
MAISON CLIO BLUE	FR0011092089	MLCLI	Euronext Access Paris	EUR	2.06	2.06	2.06	2.06	11/08/20 11:30	CET	50	103.00
MAISONS DU MONDE	FR0013153541	MDM	Euronext Paris	EUR	14.60	14.71	13.76	13.76	26/10/20 17:35	CET	129805	1823030.54
MAKHEIA GROUP	FR0000072993	ALMAK	Euronext Growth Paris	EUR	0.262	0.268	0.242	0.248	26/10/20 17:19	CET	727113	183543.31
MAKHEIA GROUP BSA	FR0013525557	MAKBS	Euronext Growth Paris	EUR	0.12	0.12	0.12	0.12	15/10/20 11:38	CET	600	72.00
MAKING SCIENCE	ES0105463006	ALMKS	Euronext Growth Paris	EUR	8.30	8.30	8.30	8.30	19/09/20 00:00	CET	-	-
MALTERIES FCO-BEL.	FR0000030074	MALT	Euronext Paris	EUR	595.00	595.00	595.00	595.00	26/10/20 17:29	CET	8	4760.00
MANITOU BF	FR0000038606	MTU	Euronext Paris	EUR	17.40	17.60	17.06	17.08	26/10/20 17:35	CET	7260	125492.46
MANUTAN INTL	FR0000032302	MAN	Euronext Paris	EUR	59.00	59.60	59.00	59.00	26/10/20 17:17	CET	363	21442.60
MAQ ADMON. URBANAS	ES0105447009	MLMAQ	Euronext Access Paris	EUR	8.30	8.30	8.30	8.30	27/01/20 11:30	CET	1	8.30
MARE NOSTRUM	FR0013400835	ALMAR	Euronext Growth Paris	EUR	2.86	2.93	2.82	2.90	26/10/20 17:29	CET	245	701.39
MBWS	FR0000060873	MBWS	Euronext Paris	EUR	1.43	1.438	1.402	1.438	26/10/20 17:35	CET	12169	17291.772
MAROC TELECOM	MA0000011488	IAM	Euronext Paris	EUR	13.00	13.00	12.90	12.90	26/10/20 17:11	CET	550	7096.50
MASTRAD	FR0004155687	ALMAS	Euronext Growth Paris	EUR	0.282	0.324	0.282	0.324	26/10/20 16:31	CET	9005	2623.34
MASTRAD BS29	FR0013472446	MASBS	Euronext Growth Paris	EUR	-	-	-	-	-	CET	-	-
MAUNA KEA TECH	FR0010609263	MKEA	Euronext Paris	EUR	1.212	1.212	1.11	1.12	26/10/20 17:35	CET	231764	268560.564
MAUREL ET PROM	FR0000051070	MAU	Euronext Paris	EUR	1.332	1.34	1.30	1.30	26/10/20 17:35	CET	107734	142418.76
MBWS BSA 2022	FR0013404944	MBWBT	Euronext Paris	EUR	0.018	0.018	0.016	0.016	26/10/20 12:36	CET	6210	103.00
MBWS BSAR 2023	FR0013066313	MBWSZ	Euronext Paris	EUR	0.13	0.13	0.123	0.123	19/10/20 12:45	CET	5350	695.01
MCPHY ENERGY	FR0011742329	MCPHY	Euronext Paris	EUR	23.05	23.30	22.10	22.30	26/10/20 17:35	CET	190696	4318241.15
MECELEC COMPOSITES	FR0000061244	ALMEC	Euronext Growth Paris	EUR	1.66	1.66	1.635	1.635	26/10/20 17:16	CET	1633	2689.805
MEDIA 6	FR0000064404	EDI	Euronext Paris	EUR	7.30	7.30	7.00	7.00	16/10/20 11:00	CET	541	3837.35
MEDIA LAB	IT0005324105	MLLAB	Euronext Access Paris	EUR	1.58	1.58	1.58	1.58	22/10/20 11:31	CET	50	79.00
MEDIA MAKER	IT0005380438	ALKER	Euronext Growth Paris	EUR	9.00	9.00	9.00	9.00	24/08/20 16:13	CET	1111	9999.00
MEDIANTECHNOLOGIES	FR0011049824	ALMDT	Euronext Growth Paris	EUR	7.76	7.76	7.00	7.20	26/10/20 17:35	CET	132690	968486.40
MEDIAWAN	FR0013247137	MDW	Euronext Paris	EUR	11.56	11.56	10.52	10.52	26/10/20 17:35	CET	3774	42764.02
MEDIAWAN WAR	FR0013128907	MDWBS	Euronext Paris	EUR	0.60	0.60	0.60	0.60	15/10/20 10:11	CET	1800	1080.00
MEDICREA INTERNAT.	FR0004178572	ALMED	Euronext Growth Paris	EUR	6.98	6.98	6.98	6.98	26/10/20 15:58	CET	1550	10819.00
MEDINCELL	FR0004065605	MEDCL	Euronext Paris	EUR	7.40	7.40	7.06	7.24	26/10/20 17:35	CET	29918	214605.78
MEDIOCREDITO EUROP	IT0004844848	MLMCE	Euronext Access Paris	EUR	4.30	4.30	4.30	4.30	28/11/12 10:24	CET	100	430.00
MEMSCAP REGPT	FR0010298620	MEMS	Euronext Paris	EUR	0.868	0.87	0.80	0.80	26/10/20 17:35	CET	31445	26238.118
MERCIALYS	FR0010241638	MERY	Euronext Paris	EUR	4.48	4.566	4.382	4.436	26/10/20 17:35	CET	568154	2542615.982
MERCK AND CO INC	US58933Y1055	MRK	Euronext Paris	EUR	67.60	67.60	66.80	67.00	26/10/20 16:56	CET	547	36747.60
MERSEN	FR0000039620	MRN	Euronext Paris	EUR	25.05	25.30	24.50	24.65	26/10/20 17:35	CET	16415	407281.80
METABOLIC EX BSA21	FR0013483534	METBS	Euronext Growth Paris	EUR	0.025	0.025	0.0235	0.0235	26/10/20 17:08	CET	11887	296.1475
METABOLIC EXPLORER	FR0004177046	METEX	Euronext Paris	EUR	1.76	1.76	1.635	1.635	26/10/20 17:29	CET	104413	175217.70
METALLIANCE	FR0010492181	MLETA	Euronext Access Paris	EUR	19.80	19.80	19.80	19.80	03/09/20 16:30	CET	1	19.80
METHANOR	FR0011217710	ALMET	Euronext Growth Paris	EUR	5.10	5.10	4.70	4.90	26/10/20 16:53	CET	3726	18079.90
METHORIOS CAPITAL	IT0004615396	ALMTH	Euronext Growth Paris	EUR	0.03	0.03	0.03	0.03	03/10/16 09:00	CET	1	0.03
METRICS IN BALANCE	BE0974328602	MLMIB	Euronext Access Paris	EUR	2.94	2.94	2.94	2.94	26/10/20 16:30	CET	3500	10290.00
METROPOLE TV	FR0000053225	MMT	Euronext Paris	EUR	10.00	10.20	9.77	9.81	26/10/20 17:35	CET	102467	1018671.80
MG INTERNATIONAL	FR0010204453	ALMGI	Euronext Growth Paris	EUR	4.22	4.22	4.22	4.22	26/10/20 16:30	CET	1750	7385.00
MGI DIGITAL GRAPHI	FR0010353888	ALMDG	Euronext Growth Paris	EUR	45.85	45.85	43.05	43.05	26/10/20 17:35	CET	7900	346850.65
MICHELIN	FR0000121261	ML	Euronext Paris	EUR	96.34	97.94	95.84	95.84	26/10/20 17:36	CET	446627	42654626.02
MICROPOLE	FR0000077570	MUN	Euronext Paris	EUR	1.135	1.14	1.115	1.115	26/10/20 17:20	CET	14084	15849.50
MICROSKIN	GB00BF553726	MLSKN	Euronext Access Paris	EUR	0.03	0.03	0.03	0.03	08/06/17 15:00	CET	10000	300.00
MICROWAVE VISION	FR0004058949	ALMIC	Euronext Growth Paris	EUR	25.50	25.50	25.40	25.50	26/10/20 17:11	CET	4411	112401.80
MIGUET ET ASSOCIES	FR0010500363	MLNMA	Euronext Access Paris	EUR	1.50	1.65	1.50	1.65	21/10/20 16:30	CET	1032	1552.50
MILIBOO	FR0013053535	ALMLB	Euronext Growth Paris	EUR	2.92	2.93	2.88	2.89	26/10/20 17:35	CET	10074	29295.49
MINT	FR0004172450	ALBUD	Euronext Growth Paris	EUR	9.67	9.68	9.56	9.58	26/10/20 17:35	CET	52288	502950.52
MINT BS	FR0013307329	BUDBS	Euronext Growth Paris	EUR	0.525	0.53	0.525	0.53	26/10/20 17:19	CET	98000	51930.00
MLD	FR0013268067	MLAMY	Euronext Access Paris	EUR	3.60	3.60	3.60	3.60	19/01/18 14:38	CET	6600	23760.00
MND	FR0011584549	ALMND	Euronext Growth Paris	EUR	0.12	0.1234	0.1144	0.115	26/10/20 17:35	CET	1853679	220051.6052
MND BSA 2019	FR0013449857	ALMBS	Euronext Growth Paris	EUR	0.0048	0.0048	0.0048	0.0048	26/10/20 09:00	CET	600	2.88
MONCEY (FIN.) NOM.	FR0000076986	MONC	Euronext Paris	EUR	4280.00	4280.00	4280.00	4280.00	21/10/20 16:30	CET	1	4280.00
MONFINANCIER	FR0010882886	MLMON	Euronext Access Paris	EUR	0.20	0.20	0.20	0.20	26/10/20 16:30	CET	4750	950.00
MONTEA C.V.A.	BE0003853703	MONT	Euronext Brussels, Paris	EUR	96.80	97.10	93.50	94.70	26/10/20 17:35	CET	8855	837334.30
MOULINVEST	FR0011033083	ALMOU	Euronext Growth Paris	EUR	5.06	5.06	4.79	4.85	26/10/20 17:35	CET	3177	15487.81
MR BRICOLAGE	FR0004034320	ALMRB	Euronext Growth Paris	EUR	8.50	8.60	7.70	7.75	26/10/20 17:35	CET	17183	139526.75
MRE-III.P-5.SOCIMI	ES0105412003	MLMRE	Euronext Access Paris	EUR	-	-	-	1.27	12/07/19 00:00	CET	-	-
MTD FINANCE	FR0010518936	MLMTD	Euronext Access Paris	EUR	5.88	5.88	5.88	5.88	22/12/15 15:00	CET	17	99.96
MULANN	FR0012990968	MLMUL	Euronext Access Paris	EUR	0.0445	0.0445	0.0445	0.0445	11/09/20 16:30	CET	3296	146.67
MULTIMICROCLOUD	FR0013230067	MLMMC	Euronext Access Paris	EUR	0.171	0.171	0.171	0.171	22/10/20 11:30	CET	100	17.10
MUNIC	FR0013462231	ALMUN	Euronext Growth Paris	EUR	2.71	2.73	2.44	2.53	26/10/20 15:54	CET	16126	40992.93
MUSEE GREVIN	FR0000037970	GREV	Euronext Paris	EUR	46.00	46.00	46.00	46.00	26/10/20 16:33	CET	10	460.00
MYBEST GROUP	IT0005119109	ALMBG	Euronext Growth Paris	EUR	4.16	4.16	4.16	4.16	07/06/19 11:30	CET	14720	61235.20
NACON	FR0013482791	NACON	Euronext Paris	EUR	7.47	7.60	7.30	7.45	26/10/20 17:35	CET	54634	406573.47
NANOBIOTIX	FR0011341205	NANO	Euronext Paris	EUR	6.56	6.61	6.28	6.28	26/10/20 17:35	CET	95185	614850.00
NATIXIS	FR0000120685	KN	Euronext Paris	EUR	2.06	2.119	2.043	2.053	26/10/20 17:36	CET	5758058	11810143.904
NATURE ET LOGIS	FR0013344223	MLNAT	Euronext Access Paris	EUR	10.50	10.50	10.50	10.50	26/10/20 16:30	CET	91	955.50
NAVYA	FR0013018041	NAVYA	Euronext Paris	EUR	2.53	2.605	2.21	2.21	26/10/20 17:37	CET	1564427	3802519.805
NEOCOM MULTIMEDIA	FR0004157543	MLNEO	Euronext Access Paris	EUR	4.00	4.00	4.00	4.00	22/10/20 11:30	CET	150	600.00
NEOEN	FR0011675362	NEOEN	Euronext Paris	EUR	44.90	45.60	44.45	44.70	26/10/20 17:35	CET	84457	3796695.05
NEOLIFE	FR0011636083	ALNLF	Euronext Growth Paris	EUR	0.242	0.275	0.233	0.235	26/10/20 17:35	CET	2448731	626934.12
NEOLIFE BS	FR0013282936	NLFBS	Euronext Growth Paris	EUR	0.015	0.0175	0.015	0.0175	23/10/20 10:52	CET	80754	1211.56
NEOVACS	FR0004032746	ALNEV	Euronext Growth Paris	EUR	0.0592	0.0592	0.0485	0.0506	26/10/20 17:35	CET	16578675	891838.9684
NEOVACS BSA	FR0013275971	NEVBS	Euronext Growth Paris	EUR	-	-	-	-	-	CET	-	-
NETGEM	FR0004154060	NTG	Euronext Paris	EUR	1.11	1.11	1.06	1.06	26/10/20 16:51	CET	17163	18698.205
NEURONES	FR0004050250	NRO	Euronext Paris	EUR	23.20	23.60	23.20	23.40	26/10/20 17:35	CET	2379	55651.70
NEWSINVEST	FR0010358507	MLNEI	Euronext Access Paris	EUR	1.10	1.10	1.10	1.10	21/10/20 16:30	CET	901	991.10
NEXANS	FR0000044448	NEX	Euronext Paris	EUR	43.22	44.06	42.32	42.36	26/10/20 17:39	CET	38931	1661959.58
NEXITY	FR0010112524	NXI	Euronext Paris	EUR	24.80	25.00	24.30	24.42	26/10/20 17:35	CET	106116	2613858.02
NEXTEDIA	FR0004171346	ALNXT	Euronext Growth Paris	EUR	0.822	1.035	0.81	0.934	26/10/20 17:35	CET	2462993	2231862.444
NEXTSTAGE	FR0012789386	NEXTS	Euronext Paris	EUR	89.50	89.50	89.50	89.50	26/10/20 11:22	CET	45	4027.50
NICOX	FR0013018124	COX	Euronext Paris	EUR	3.61	3.61	3.525	3.525	26/10/20 17:35	CET	77362	276193.265
NOKIA	FI0009000681	NOKIA	Euronext Paris	EUR	3.563	3.6685	3.544	3.5445	26/10/20 17:35	CET	313784	1124151.2425
NOVACYT	FR0010397232	ALNOV	Euronext Growth Paris	EUR	13.62	13.96	10.80	11.38	26/10/20 17:35	CET	10904216	134816874.96
NOVATECH IND.	FR0000185464	MLNOV	Euronext Access Paris	EUR	3.00	3.00	3.00	3.00	25/09/20 16:30	CET	30	90.00
NOXXON	NL0012044762	ALNOX	Euronext Growth Paris	EUR	0.4245	0.43	0.409	0.4115	26/10/20 17:35	CET	680527	285321.0755
NR21	FR0004166155	NR21	Euronext Paris	EUR	0.70	0.77	0.70	0.77	12/10/20 15:31	CET	1000	738.50
NRJ GROUP	FR0000121691	NRG	Euronext Paris	EUR	5.46	5.56	5.46	5.56	26/10/20 16:44	CET	111	615.98
NSC GROUPE	FR0000064529	ALNSC	Euronext Growth Paris	EUR	40.00	40.00	40.00	40.00	20/10/20 16:45	CET	6	240.00
NSE	FR0004065639	ALNSE	Euronext Growth Paris	EUR	10.60	11.20	10.60	11.20	26/10/20 16:30	CET	851	9205.60
O SORBET D AMOUR	FR0013072741	MLOSA	Euronext Access Paris	EUR	5.70	5.70	5.70	5.70	05/08/20 11:30	CET	1	5.70
O2I	FR0010231860	ALODI	Euronext Growth Paris	EUR	0.98	0.98	0.96	0.96	26/10/20 15:52	CET	251	240.98
O2I BSA	FR0013268042	O2IBS	Euronext Growth Paris	EUR	0.09	0.09	0.09	0.09	17/07/20 14:00	CET	12000	1080.00
O2I BSA 2	FR0013381431	ODBS2	Euronext Growth Paris	EUR	0.0015	0.0015	0.0015	0.0015	15/10/20 10:16	CET	37	0.06
OBER	FR0010330613	ALOBR	Euronext Growth Paris	EUR	5.50	5.55	5.50	5.55	26/10/20 16:30	CET	712	3923.50
OCTOPUS ROBOTS	FR0013310281	MLOCT	Euronext Access Paris	EUR	2.90	2.94	2.90	2.94	26/10/20 16:30	CET	1362	3962.88
OENEO	FR0000052680	SBT	Euronext Paris	EUR	10.98	11.28	10.98	11.28	26/10/20 17:35	CET	3279	36595.42
OL GROUPE	FR0010428771	OLG	Euronext Paris	EUR	1.905	1.91	1.875	1.91	26/10/20 17:35	CET	14023	26602.72
OLMIX	FR0010176115	MLOLM	Euronext Access Paris	EUR	8.00	8.00	8.00	8.00	22/10/20 11:30	CET	1	8.00
ONCODESIGN	FR0011766229	ALONC	Euronext Growth Paris	EUR	9.78	9.96	9.66	9.70	26/10/20 17:36	CET	18152	177617.34
ONE EXPERIENCE	FR0013266772	MLOEX	Euronext Access Paris	EUR	0.99	0.99	0.99	0.99	12/10/20 16:30	CET	5	4.95
ONLINEFORMAPRO	FR0004174712	MLONL	Euronext Access Paris	EUR	2.10	2.10	2.10	2.10	23/10/20 16:30	CET	5	10.50
ONXEO	FR0010095596	ONXEO	Euronext Paris	EUR	0.68	0.68	0.65	0.65	26/10/20 17:35	CET	136621	90623.052
ORANGE	FR0000133308	ORA	Euronext Paris	EUR	9.408	9.552	9.358	9.358	26/10/20 17:30	CET	6460131	59770977.392
ORAPI	FR0000075392	ORAP	Euronext Paris	EUR	7.88	8.20	7.70	7.80	26/10/20 17:35	CET	71180	568333.02
ORAPI BSA	FR0013522216	ORAPB	Euronext Paris	EUR	2.55	2.93	2.51	2.70	26/10/20 16:46	CET	17505	47788.681
ORBIS PROPERTIES	ES0105490009	MLORB	Euronext Access Paris	EUR	13.60	13.60	13.60	13.60	30/07/20 00:00	CET	-	-
ORCHESTRA-PREMAMAN	FR0013190410	KAZI	Euronext Paris	EUR	0.1815	0.1815	0.1785	0.1785	27/03/20 14:13	CET	1301	232.23
ORDISSIMO	FR0013318052	ALORD	Euronext Growth Paris	EUR	3.90	3.90	3.42	3.42	26/10/20 17:28	CET	401	1448.90
OREGE	FR0010609206	OREGE	Euronext Paris	EUR	0.80	0.80	0.786	0.786	26/10/20 17:35	CET	12179	9639.07
ORPEA	FR0000184798	ORP	Euronext Paris	EUR	91.10	91.16	90.02	90.22	26/10/20 17:36	CET	148220	13320121.32
OSE IMMUNO	FR0012127173	OSE	Euronext Paris	EUR	7.40	7.46	7.00	7.06	26/10/20 17:35	CET	139871	1005187.08
OSMOZIS	FR0013231180	ALOSM	Euronext Growth Paris	EUR	5.30	5.30	4.78	4.78	26/10/20 15:56	CET	45	217.70
PACTE NOVATION	FR0000077992	MLPAC	Euronext Access Paris	EUR	6.05	6.05	6.05	6.05	19/10/20 16:36	CET	246	1488.30
PARAGON ID	FR0013318813	PID	Euronext Paris	EUR	23.70	23.70	23.10	23.40	26/10/20 13:14	CET	610	14317.80
PAREF	FR0010263202	PAR	Euronext Paris	EUR	60.50	60.50	60.50	60.50	26/10/20 11:24	CET	24	1452.00
PARFEX	FR0000185928	MLPFX	Euronext Access Paris	EUR	14.00	14.00	14.00	14.00	15/10/20 16:30	CET	90	1260.00
PARROT	FR0004038263	PARRO	Euronext Paris	EUR	4.18	4.23	3.76	3.76	26/10/20 17:38	CET	51937	205566.90
PARROT BSA 1	FR0013054269	PABSA	Euronext Paris	EUR	0.0005	0.0005	0.0005	0.0005	19/10/20 09:00	CET	391	0.20
PARROT BSA 2	FR0013054335	PABSB	Euronext Paris	EUR	0.0005	0.0005	0.0005	0.0005	19/10/20 19:28	CET	391	0.20
PART.INDLES MINI.	FR0006823092	MLHOP	Euronext Access Paris	EUR	8.40	8.40	8.40	8.40	23/10/20 11:30	CET	2	16.80
PARX MATERIALS NV	NL0012650535	MLPRX	Euronext Access Paris	EUR	2.14	2.14	2.14	2.14	26/10/20 11:30	CET	200	428.00
PASSAT	FR0000038465	PSAT	Euronext Paris	EUR	4.66	4.66	4.54	4.66	26/10/20 17:09	CET	5254	24199.82
PATRIMOINE ET COMM	FR0011027135	PAT	Euronext Paris	EUR	14.95	15.20	14.70	15.00	26/10/20 16:22	CET	2273	34047.90
PAULIC MEUNERIE	FR0013479730	ALPAU	Euronext Growth Paris	EUR	6.20	6.30	5.94	5.94	26/10/20 17:29	CET	8105	49160.04
PCAS	FR0000053514	PCA	Euronext Paris	EUR	10.40	10.40	9.95	10.30	26/10/20 15:57	CET	2136	21586.45
PERNOD RICARD	FR0000120693	RI	Euronext Paris	EUR	146.70	148.65	145.95	146.40	26/10/20 17:36	CET	424724	61210807.25
PERRIER (GERARD)	FR0000061459	PERR	Euronext Paris	EUR	63.00	63.00	60.60	61.80	26/10/20 16:17	CET	7471	463113.80
PEUGEOT	FR0000121501	UG	Euronext Paris	EUR	16.02	17.21	15.94	16.57	26/10/20 17:35	CET	4903104	81430091.74
PHARMAGEST INTER.	FR0012882389	PHA	Euronext Paris	EUR	91.80	92.50	91.50	92.20	26/10/20 17:35	CET	24076	2218965.50
PHARMASIMPLE	BE0974302342	ALPHS	Euronext Growth Paris	EUR	9.28	9.28	8.80	8.86	26/10/20 17:08	CET	5508	50011.62
PHARNEXT	FR0011191287	ALPHA	Euronext Growth Paris	EUR	3.40	3.40	3.21	3.25	26/10/20 17:35	CET	72078	238362.365
PHONE WEB	FR0000185480	MLPHW	Euronext Access Paris	EUR	0.93	0.93	0.93	0.93	08/10/20 11:30	CET	8	7.44
PHOTONIKE CAPITAL	BE0948608451	MLPHO	Euronext Access Paris	EUR	1.79	1.79	1.79	1.79	26/10/20 11:30	CET	1250	2237.50
PIERRE VACANCES	FR0000073041	VAC	Euronext Paris	EUR	11.10	11.15	10.80	10.80	26/10/20 17:35	CET	18997	207882.70
PISCINES DESJOYAUX	FR0000061608	ALPDX	Euronext Growth Paris	EUR	16.40	16.40	16.10	16.40	26/10/20 16:38	CET	1906	31013.30
PIXIUM VISION	FR0011950641	ALPIX	Euronext Growth Paris	EUR	0.63	0.63	0.571	0.578	26/10/20 17:35	CET	553018	331149.116
PLACOPLATRE	FR0000030769	MLPLC	Euronext Access Paris	EUR	510.00	510.00	510.00	510.00	21/10/20 16:30	CET	32	16320.00
PLANET MEDIA	FR0010211037	ALPLA	Euronext Growth Paris	EUR	1.11	1.12	1.08	1.08	26/10/20 17:00	CET	2871	3174.84
PLANT ADVANCED	FR0010785790	ALPAT	Euronext Growth Paris	EUR	18.20	19.20	18.20	19.20	26/10/20 14:12	CET	671	12570.70
PLANT ADVANCED BS	FR0011844067	PATBS	Euronext Growth Paris	EUR	0.02	0.02	0.02	0.02	24/06/20 16:13	CET	1161	23.22
PLAST.VAL LOIRE	FR0013252186	PVL	Euronext Paris	EUR	3.34	3.36	3.29	3.315	26/10/20 17:35	CET	27344	90901.40
PLASTIC OMNIUM	FR0000124570	POM	Euronext Paris	EUR	20.50	21.30	20.50	20.62	26/10/20 17:39	CET	191923	3990973.06
POUJOULAT	FR0000066441	ALPJT	Euronext Growth Paris	EUR	18.60	18.60	18.60	18.60	26/10/20 11:30	CET	1	18.60
POULAILLON	FR0013015583	ALPOU	Euronext Growth Paris	EUR	3.86	3.98	3.86	3.88	26/10/20 16:21	CET	1460	5704.92
POXEL	FR0012432516	POXEL	Euronext Paris	EUR	6.29	6.35	6.12	6.15	26/10/20 17:35	CET	105597	653417.61
PRECIA	FR0000060832	PREC	Euronext Paris	EUR	194.00	194.00	194.00	194.00	26/10/20 17:29	CET	7	1358.00
PREDILIFE	FR0010169920	ALPRE	Euronext Growth Paris	EUR	8.10	8.10	8.10	8.10	26/10/20 09:00	CET	21	170.10
PRISMAFLEX INTL	FR0004044600	ALPRI	Euronext Growth Paris	EUR	4.80	5.00	4.80	4.98	26/10/20 16:29	CET	1339	6622.20
PROACTIS SA	FR0004052561	PROAC	Euronext Paris	EUR	0.096	0.0985	0.0925	0.0985	26/10/20 15:14	CET	12241	1169.0485
PRODWARE	FR0010313486	ALPRO	Euronext Growth Paris	EUR	5.42	5.42	4.94	5.10	26/10/20 17:35	CET	15524	79643.06
PRODWAYS	FR0012613610	PWG	Euronext Paris	EUR	1.79	1.79	1.67	1.705	26/10/20 17:35	CET	39399	67708.685
PROLOGUE	FR0010380626	PROL	Euronext Paris	EUR	0.259	0.26	0.245	0.257	26/10/20 16:26	CET	140319	35481.052
PROLOGUE BSA	FR0013398617	PROBT	Euronext Growth Paris	EUR	0.009	0.009	0.008	0.008	26/10/20 16:52	CET	77196	622.568
PROLOGUE BSAA2021	FR0011994326	PRBS2	Euronext Paris	EUR	0.0025	0.0025	0.0025	0.0025	23/10/20 11:30	CET	1554	3.89
PROLOG BSAAR20	FR0011627900	PRBS1	Euronext Paris	EUR	0.0005	0.0005	0.0005	0.0005	21/10/20 11:30	CET	2000	1.00
PROP.IMMEUBLES	FR0000061376	MLPRI	Euronext Access Paris	EUR	12.50	12.50	12.50	12.50	01/10/20 11:30	CET	5	62.50
PROVENTURE GOLD	CA74375L1058	MLPRO	Euronext Access Paris	EUR	3.00	3.00	3.00	3.00	28/05/19 11:30	CET	13250	39750.00
PSB INDUSTRIES	FR0000060329	PSB	Euronext Paris	EUR	15.35	15.50	15.20	15.20	26/10/20 17:35	CET	194	2983.00
PUBLICIS BSA	FR0000312928	PUBBS	Euronext Paris	EUR	6.20	6.70	6.20	6.70	26/10/20 16:31	CET	568	3630.60
PUBLICIS GROUPE SA	FR0000130577	PUB	Euronext Paris	EUR	31.60	32.26	31.44	31.76	26/10/20 17:35	CET	778709	24508423.23
QUADIENT	FR0000120560	QDT	Euronext Paris	EUR	12.00	12.30	11.97	12.04	26/10/20 17:35	CET	87610	1061837.75
QUADPACK	ES0105118006	ALQP	Euronext Growth Paris	EUR	30.20	30.20	30.20	30.20	26/10/20 09:00	CET	1	30.20
QUANTUM GENOMICS	FR0011648971	ALQGC	Euronext Growth Paris	EUR	3.745	3.78	3.275	3.34	26/10/20 17:36	CET	1037560	3650788.005
QWAMPLIFY	FR0010889386	ALQWA	Euronext Growth Paris	EUR	5.75	5.75	5.75	5.75	26/10/20 16:06	CET	5	28.75
QWAMPLIFY BSAANE	FR0013472677	QWABS	Euronext Growth Paris	EUR	-	-	-	-	-	CET	-	-
RALLYE	FR0000060618	RAL	Euronext Paris	EUR	3.86	3.895	3.74	3.86	26/10/20 17:35	CET	74042	283954.05
RAMSAY GEN SANTE	FR0000044471	GDS	Euronext Paris	EUR	18.40	18.50	17.40	18.25	26/10/20 17:35	CET	1645	29595.45
RAPIDO PRET	FR0012395457	ML350	Euronext Access Paris	EUR	0.161	0.161	0.161	0.161	11/08/20 16:30	CET	275	44.28
REALITES	FR0011858190	ALREA	Euronext Growth Paris	EUR	19.90	20.10	19.90	19.90	26/10/20 17:10	CET	471	9375.20
RECYLEX S.A.	FR0000120388	RX	Euronext Paris	EUR	1.842	1.868	1.816	1.848	13/05/20 17:20	CET	7005	12873.94
REMY COINTREAU	FR0000130395	RCO	Euronext Paris	EUR	151.80	153.60	151.40	152.00	26/10/20 17:37	CET	39399	5971411.50
RENAULT	FR0000131906	RNO	Euronext Paris	EUR	24.095	25.425	23.94	24.35	26/10/20 17:36	CET	2249331	54837795.29
REVIVAL EXPANSION	FR0000077232	MLREX	Euronext Access Paris	EUR	9.94	9.94	9.94	9.94	27/12/16 15:00	CET	3	29.82
REWORLD MEDIA	FR0010820274	ALREW	Euronext Growth Paris	EUR	2.94	3.01	2.83	2.83	26/10/20 17:29	CET	97003	285983.12
REXEL	FR0010451203	RXL	Euronext Paris	EUR	10.265	10.31	9.99	9.99	26/10/20 17:36	CET	636533	6400344.839
RIBER	FR0000075954	ALRIB	Euronext Growth Paris	EUR	1.44	1.445	1.41	1.415	26/10/20 17:35	CET	16191	23134.36
ROBERTET	FR0000039091	RBT	Euronext Paris	EUR	998.00	1012.00	979.00	984.00	26/10/20 17:35	CET	163	161224.00
ROBERTET CDV 87	FR0000045619	CBR	Euronext Paris	EUR	200.00	200.00	200.00	200.00	29/09/20 16:30	CET	1	200.00
ROBERTET CI	FR0000045601	CBE	Euronext Paris	EUR	808.10	808.10	808.10	808.10	23/10/20 16:30	CET	2	1616.20
ROCHE BOBOIS	FR0013344173	RBO	Euronext Paris	EUR	17.25	17.25	16.55	17.00	26/10/20 17:11	CET	2064	34806.25
ROCTOOL	FR0010523167	ALROC	Euronext Growth Paris	EUR	1.88	1.92	1.88	1.90	26/10/20 15:24	CET	428	817.18
ROCTOOL BSA 2020	FR0013477585	ROCBS	Euronext Growth Paris	EUR	0.0015	0.005	0.0015	0.005	21/10/20 09:42	CET	25200	38.15
ROCTOOL BSA 2020-2	FR0013477593	ROCBT	Euronext Growth Paris	EUR	-	-	-	-	-	CET	-	-
ROTHSCHILD & CO	FR0000031684	ROTH	Euronext Paris	EUR	23.35	23.95	23.30	23.70	26/10/20 17:35	CET	7086	167673.20
ROUGIER S.A.	FR0000037640	ALRGR	Euronext Growth Paris	EUR	17.40	17.60	17.40	17.60	26/02/18 13:46	CET	162	2843.60
ROUSSELET CENTRIF.	FR0000035750	MLROU	Euronext Access Paris	EUR	60.00	60.00	60.00	60.00	23/10/20 16:30	CET	5	300.00
RUBIS	FR0013269123	RUI	Euronext Paris	EUR	30.22	30.44	29.58	29.70	26/10/20 17:35	CET	216631	6445299.02
S.E.B.	FR0000121709	SK	Euronext Paris	EUR	147.90	149.10	142.20	142.90	26/10/20 17:36	CET	71430	10302039.50
SAFE ORTHOPAEDICS	FR0013467123	ALSAF	Euronext Growth Paris	EUR	0.29	0.3074	0.26	0.2762	26/10/20 17:17	CET	580624	164066.159
SAFRAN	FR0000073272	SAF	Euronext Paris	EUR	95.16	97.14	93.38	93.58	26/10/20 17:35	CET	1079449	100785305.72
SAFWOOD	IT0004013725	ALWOO	Euronext Growth Paris	EUR	0.05	0.05	0.05	0.05	03/05/11 15:30	CET	1300	65.00
SAINT GOBAIN	FR0000125007	SGO	Euronext Paris, Amsterdam, Brussels	EUR	34.79	35.07	34.08	34.10	26/10/20 17:39	CET	1785991	60602619.59
SAINT JEAN GROUPE	FR0000060121	SABE	Euronext Paris	EUR	27.60	27.60	27.60	27.60	21/10/20 11:30	CET	25	690.00
SAMSE	FR0000060071	SAMS	Euronext Paris	EUR	145.00	145.00	142.00	143.00	26/10/20 17:13	CET	352	50447.00
SANOFI	FR0000120578	SAN	Euronext Paris	EUR	82.30	83.88	82.15	82.82	26/10/20 17:36	CET	1686058	138083198.72
SAPMER	FR0010776617	ALMER	Euronext Growth Paris	EUR	8.55	8.55	8.55	8.55	23/10/20 16:30	CET	80	684.00
SARTORIUS STED BIO	FR0013154002	DIM	Euronext Paris	EUR	326.00	331.00	323.60	326.20	26/10/20 17:39	CET	54360	17712427.20
SAVENCIA	FR0000120107	SAVE	Euronext Paris	EUR	52.20	52.20	51.00	51.00	26/10/20 17:35	CET	1654	85157.40
SAVONNERIE NYONS	FR0013155975	MLSDN	Euronext Access Paris	EUR	14.30	14.30	14.30	14.30	22/10/20 11:30	CET	31	443.30
SBT	FR0004175222	MLSBT	Euronext Access Paris	EUR	4.62	4.62	4.62	4.62	22/10/20 11:30	CET	20	92.40
SCANDINAVIAN HOUSE	CH0220529603	MLSHD	Euronext Access Paris	EUR	17.51	17.51	17.51	17.51	13/05/16 15:00	CET	500	8755.00
SCBSM	FR0006239109	CBSM	Euronext Paris	EUR	7.20	7.20	7.10	7.10	26/10/20 14:40	CET	1304	9288.80
SCEMI	FR0010972091	MLCMI	Euronext Access Paris	EUR	2.64	2.64	2.64	2.64	26/10/20 11:30	CET	611	1613.04
SCHLUMBERGER	AN8068571086	SLB	Euronext Paris	EUR	12.95	12.95	12.60	12.80	26/10/20 17:35	CET	65523	835938.05
SCHNEIDER ELECTRIC	FR0000121972	SU	Euronext Paris	EUR	108.85	109.40	106.60	106.95	26/10/20 17:36	CET	893107	94464261.55
SCHOBRUNN PARIS	FR0010961920	MLSCH	Euronext Access Paris	EUR	30.00	30.00	30.00	30.00	08/06/20 11:30	CET	2	60.00
SCOR SE	FR0010411983	SCR	Euronext Paris	EUR	23.32	23.58	22.92	23.08	26/10/20 17:35	CET	307179	7101861.70
SECHE ENVIRONNEM.	FR0000039109	SCHP	Euronext Paris	EUR	34.15	34.40	33.70	33.70	26/10/20 17:35	CET	3823	130232.40
SELCODIS	FR0000065492	SLCO	Euronext Paris	EUR	0.29	0.29	0.29	0.29	25/03/09 00:00	CET	2074	601.00
SELECTIRENTE	FR0004175842	SELER	Euronext Paris	EUR	79.50	80.00	79.50	80.00	26/10/20 16:30	CET	21	1679.50
SEMPLICEMENTE SpA	IT0005072811	MLSMP	Euronext Access Paris	EUR	0.81	0.81	0.81	0.81	05/08/16 15:00	CET	100	81.00
SENSORION	FR0012596468	ALSEN	Euronext Growth Paris	EUR	1.24	1.24	1.11	1.14	26/10/20 17:35	CET	174412	200659.175
SEQUA PETROLEUM NV	NL0010623518	MLSEQ	Euronext Access Paris	EUR	0.016	0.016	0.016	0.016	26/10/20 14:42	CET	11362	181.792
SERGEFERRARI GROUP	FR0011950682	SEFER	Euronext Paris	EUR	6.08	6.12	5.80	5.94	26/10/20 17:35	CET	12089	72350.00
SERMA GROUP	FR0000073728	ALSER	Euronext Growth Paris	EUR	280.00	280.00	280.00	280.00	08/10/20 11:30	CET	9	2520.00
SES	LU0088087324	SESG	Euronext Paris	EUR	7.082	7.324	6.932	7.14	26/10/20 17:36	CET	1151236	8222664.722
SES IMAGOTAG	FR0010282822	SESL	Euronext Paris	EUR	25.20	25.35	25.00	25.10	26/10/20 17:38	CET	56697	1421428.95
SHOWROOMPRIVE	FR0013006558	SRP	Euronext Paris	EUR	1.08	1.184	1.08	1.122	26/10/20 17:35	CET	1763193	2012410.66
SI PARTICIPATIONS	FR0000061582	ALSIP	Euronext Growth Paris	EUR	4.70	4.70	4.70	4.70	22/10/20 12:07	CET	49	230.30
SIDETRADE	FR0010202606	ALBFR	Euronext Growth Paris	EUR	98.00	98.00	96.00	98.00	26/10/20 14:33	CET	5320	516264.00
SIGNAUX GIROD	FR0000060790	GIRO	Euronext Paris	EUR	11.25	11.40	11.15	11.15	26/10/20 16:51	CET	778	8752.40
SII	FR0000074122	SII	Euronext Paris	EUR	18.65	18.65	18.10	18.10	26/10/20 17:37	CET	4136	76220.05
SILC	FR0010679365	MLSIL	Euronext Access Paris	EUR	0.108	0.108	0.108	0.108	23/10/20 11:30	CET	376	40.61
SIMAT	CI0000000832	MLMAT	Euronext Access Paris	EUR	2.20	2.20	2.20	2.20	13/11/19 11:30	CET	10	22.00
SIMO INTERNATIONAL	FR0004038818	MLSIM	Euronext Access Paris	EUR	0.214	0.214	0.214	0.214	23/10/20 11:30	CET	2235	478.29
SINTESI SpA	IT0005072167	MLSNT	Euronext Access Paris	EUR	3.30	3.30	3.30	3.30	06/11/15 15:00	CET	12	39.60
SMALTO	FR0011131788	MLSML	Euronext Access Paris	EUR	0.038	0.038	0.038	0.038	23/10/20 16:30	CET	1079	41.00
SMALTO BSA	FR0010649228	SMLBS	Euronext Access Paris	EUR	0.04	0.04	0.04	0.04	27/12/16 15:30	CET	115298	4611.92
SMCP	FR0013214145	SMCP	Euronext Paris	EUR	4.17	4.488	4.14	4.206	26/10/20 17:35	CET	253277	1089365.964
SMTPC	FR0004016699	SMTPC	Euronext Paris	EUR	15.00	15.00	14.75	14.80	26/10/20 17:05	CET	1120	16618.45
SOC FRANC CASINOS	FR0010209809	SFCA	Euronext Paris	EUR	1.40	1.40	1.40	1.40	23/10/20 16:30	CET	40	56.00
SEIF SPA	IT0005353484	ALSEI	Euronext Growth Paris	EUR	0.505	0.505	0.505	0.505	26/10/20 09:00	CET	1	0.505
SOCIETE GENERALE	FR0000130809	GLE	Euronext Paris	EUR	12.418	12.916	12.36	12.584	26/10/20 17:39	CET	6023197	75006218.232
SODEXO	FR0000121220	SW	Euronext Paris	EUR	60.66	61.86	59.84	59.84	26/10/20 17:36	CET	255202	15328150.06
SODIFRANCE	FR0000072563	SOA	Euronext Paris	EUR	17.90	17.90	17.90	17.90	23/10/20 16:31	CET	277	4958.30
SODITECH	FR0000078321	SEC	Euronext Paris	EUR	0.52	0.52	0.51	0.51	26/10/20 16:30	CET	6233	3210.83
SOFIBUS PATRIMOINE	FR0000038804	SFBS	Euronext Paris	EUR	185.00	185.00	184.00	184.00	26/10/20 16:30	CET	27	4992.00
SOFRAGI	FR0000030140	SOFR	Euronext Paris	EUR	1430.00	1430.00	1430.00	1430.00	26/10/20 11:30	CET	1	1430.00
SOGECLAIR	FR0000065864	SOG	Euronext Paris	EUR	10.00	10.00	9.90	9.90	26/10/20 13:57	CET	497	4936.66
SOITEC	FR0013227113	SOI	Euronext Paris	EUR	126.90	129.80	125.20	125.60	26/10/20 17:35	CET	57774	7334466.60
SOLOCAL GROUP	FR0012938884	LOCAL	Euronext Paris	EUR	0.023	0.0231	0.0208	0.0211	26/10/20 17:35	CET	61107544	1328876.4978
SOLVAY	BE0003470755	SOLB	Euronext Brussels, Paris	EUR	75.60	76.90	74.78	74.98	26/10/20 17:35	CET	186243	13982858.40
SOMFY SA	FR0013199916	SO	Euronext Paris	EUR	134.00	134.00	126.60	128.00	26/10/20 17:35	CET	8823	1150552.00
SOPRA STERIA GROUP	FR0000050809	SOP	Euronext Paris	EUR	123.70	124.30	120.80	121.40	26/10/20 17:35	CET	36033	4405982.40
SPEED RABBIT PIZZA	FR0000054371	MLSRP	Euronext Access Paris	EUR	7.60	7.60	7.60	7.60	02/07/20 11:30	CET	1	7.60
SPIE	FR0012757854	SPIE	Euronext Paris	EUR	15.06	15.15	14.53	14.68	26/10/20 17:35	CET	247689	3655140.01
SPINEGUARD	FR0011464452	ALSGD	Euronext Growth Paris	EUR	0.212	0.212	0.188	0.1945	26/10/20 17:29	CET	110325	21853.988
SPINEWAY	FR0011398874	ALSPW	Euronext Growth Paris	EUR	0.0016	0.0016	0.0014	0.0015	26/10/20 17:35	CET	65004595	96072.3598
SPIR COMMUNICATION	FR0000131732	SPI	Euronext Paris	EUR	4.92	4.92	4.92	4.92	26/10/20 11:54	CET	490	2410.80
SQLI	FR0011289040	SQI	Euronext Paris	EUR	19.95	20.20	19.75	20.00	26/10/20 17:35	CET	1109	22088.55
ST DUPONT	FR0000054199	DPT	Euronext Paris	EUR	0.07	0.074	0.07	0.0712	26/10/20 17:24	CET	113071	8026.1236
STEAM FRANCE	FR0013063559	MLSTM	Euronext Access Paris	EUR	14.00	14.00	14.00	14.00	07/01/16 15:00	CET	2	28.00
STEF	FR0000064271	STF	Euronext Paris	EUR	67.90	68.20	67.50	67.50	26/10/20 17:35	CET	1144	77534.90
STENTYS	FR0010949404	STNT	Euronext Paris	EUR	0.468	0.4745	0.456	0.46	22/07/19 17:25	CET	53783	24756.74
STMICROELECTRONICS	NL0000226223	STM	Euronext Paris	EUR	28.25	28.65	27.96	27.97	26/10/20 17:35	CET	1926945	53422487.99
STRADIM ESPAC.FIN	FR0000074775	ALSAS	Euronext Growth Paris	EUR	5.20	5.20	5.20	5.20	23/10/20 16:31	CET	250	1300.00
STREAMWIDE	FR0010528059	ALSTW	Euronext Growth Paris	EUR	23.40	24.00	22.80	23.60	26/10/20 17:02	CET	3104	72023.40
STREAMWIDE BS	FR0012790756	STWDS	Euronext Growth Paris	EUR	0.01	0.01	0.01	0.01	24/06/19 09:00	CET	10	0.10
STREIT MECANIQUE	FR0000063976	MLSTR	Euronext Access Paris	EUR	9.90	9.90	9.90	9.90	09/10/20 11:30	CET	100	990.00
SUEZ	FR0010613471	SEV	Euronext Paris, Brussels	EUR	15.51	15.735	15.51	15.595	26/10/20 17:36	CET	1142313	17783121.925
SUMO RESOURCES PLC	GB00B8GJBS16	MLSUM	Euronext Access Paris	EUR	0.024	0.024	0.024	0.024	26/10/20 11:30	CET	10000	240.00
SUPERSONIC IMAGINE	FR0010526814	SSI	Euronext Paris	EUR	1.365	1.365	1.365	1.365	26/10/20 17:25	CET	464	633.36
SWORD GROUP	FR0004180578	SWP	Euronext Paris	EUR	32.60	32.60	31.65	31.75	26/10/20 17:35	CET	3477	111151.65
SYNERGIE	FR0000032658	SDG	Euronext Paris	EUR	24.45	24.90	24.10	24.55	26/10/20 17:35	CET	4134	101358.15
TARKETT	FR0004188670	TKTT	Euronext Paris	EUR	11.20	11.37	10.87	10.87	26/10/20 17:35	CET	53585	595033.44
TAYNINH	FR0000063307	TAYN	Euronext Paris	EUR	1.56	1.56	1.56	1.56	22/09/20 16:30	CET	9	14.04
TEAM	FR0000033466	MLTEA	Euronext Access Paris	EUR	296.00	296.00	296.00	296.00	04/09/20 16:30	CET	12	3552.00
TECHNICOLOR	FR0013505062	TCH	Euronext Paris	EUR	1.198	1.528	1.1822	1.4356	26/10/20 17:35	CET	2439520	3414986.149
TECH BSA 2024	FR0013526225	TECBS	Euronext Paris	EUR	0.0769	0.09	0.07	0.0801	26/10/20 17:35	CET	159640	12814.2368
TECHNIPFMC	GB00BDSFG982	FTI	Euronext Paris	EUR	5.448	5.536	5.012	5.238	26/10/20 17:35	CET	3780126	20113378.442
TELEPERFORMANCE	FR0000051807	TEP	Euronext Paris	EUR	261.00	263.50	257.60	257.60	26/10/20 17:38	CET	110967	28393426.80
TELEVERBIER	CH0008175645	TVRB	Euronext Paris	EUR	45.00	45.00	45.00	45.00	22/10/20 16:30	CET	15	675.00
TELEVISTA	FR0011076595	MLVST	Euronext Access Paris	EUR	5.75	5.75	5.75	5.75	01/07/19 12:46	CET	22	126.50
TESSI	FR0004529147	TES	Euronext Paris	EUR	103.00	103.00	100.00	100.00	26/10/20 16:51	CET	535	54480.00
TF1	FR0000054900	TFI	Euronext Paris	EUR	5.365	5.365	5.205	5.225	26/10/20 17:35	CET	368355	1934530.61
TFF GROUP	FR0013295789	TFF	Euronext Paris	EUR	25.50	25.50	25.10	25.50	26/10/20 12:58	CET	432	10973.90
THALES	FR0000121329	HO	Euronext Paris	EUR	62.90	63.84	61.30	61.30	26/10/20 17:36	CET	423938	26106174.34
THE BLOCKCHAIN GP	FR0011053636	ALTBG	Euronext Growth Paris	EUR	0.974	1.07	0.902	0.921	26/10/20 17:35	CET	2195036	2207637.165
THERACLION	FR0010120402	ALTHE	Euronext Growth Paris	EUR	2.20	2.26	2.02	2.02	26/10/20 17:37	CET	36233	77652.12
THERADIAG	FR0004197747	ALTER	Euronext Growth Paris	EUR	4.60	5.56	4.60	5.14	26/10/20 17:37	CET	2494489	12873608.50
THERANEXUS	FR0013286259	ALTHX	Euronext Growth Paris	EUR	9.90	9.90	8.80	8.84	26/10/20 17:38	CET	68498	629438.80
THERMADOR GROUPE	FR0013333432	THEP	Euronext Paris	EUR	58.00	59.80	58.00	59.40	26/10/20 17:35	CET	8164	480209.60
TIKEHAU CAPITAL	FR0013230612	TKO	Euronext Paris	EUR	20.30	20.70	20.10	20.10	26/10/20 17:35	CET	47781	981521.90
TIPIAK	FR0000066482	TIPI	Euronext Paris	EUR	56.00	56.00	56.00	56.00	26/10/20 11:30	CET	22	1232.00
TITAN CEMENT	BE0974338700	TITC	Euronext Brussels, Paris	EUR	11.08	11.08	10.70	10.86	26/10/20 17:35	CET	23712	258102.02
TIVOLY	FR0000060949	TVLY	Euronext Paris	EUR	13.20	13.20	13.10	13.10	26/10/20 17:20	CET	1223	16125.40
TOOLUX SANDING	LU0394945660	ALTLX	Euronext Growth Paris	EUR	1.60	1.60	1.60	1.60	25/03/15 15:30	CET	1650	2640.00
TOQUEBLANCHEMONDE	FR0011668821	MLTBM	Euronext Access Paris	EUR	3.10	3.10	3.10	3.10	02/10/20 11:30	CET	2000	6200.00
TOTAL	FR0000120271	FP	Euronext Paris, Brussels	EUR	27.41	27.82	27.055	27.055	26/10/20 17:38	CET	7703813	208230698.82
TOTAL GABON	GA0000121459	EC	Euronext Paris	EUR	113.50	113.50	106.00	106.50	26/10/20 17:35	CET	1749	189587.00
TOUAX	FR0000033003	TOUP	Euronext Paris	EUR	6.34	6.34	6.18	6.20	26/10/20 17:26	CET	6381	39907.04
TOUR EIFFEL	FR0000036816	EIFF	Euronext Paris	EUR	27.50	27.60	27.40	27.40	26/10/20 17:35	CET	488	13412.10
TOUTABO	FR0010621722	MLABO	Euronext Access Paris	EUR	0.80	0.80	0.80	0.80	21/10/20 16:30	CET	50	40.00
TPSH	FR0011040690	MLPSH	Euronext Access Paris	EUR	0.191	0.191	0.191	0.191	17/12/18 11:30	CET	3070	586.37
TRAMWAYS DE ROUEN	FR0000031866	MLTRA	Euronext Access Paris	EUR	2600.00	2600.00	2600.00	2600.00	01/07/20 11:30	CET	1	2600.00
TRANSGENE	FR0005175080	TNG	Euronext Paris	EUR	1.45	1.452	1.342	1.35	26/10/20 17:35	CET	91481	127803.326
TTI	FR0010383877	ALTTI	Euronext Growth Paris	EUR	4.10	4.10	4.10	4.10	22/10/20 16:30	CET	300	1230.00
TRIGANO	FR0005691656	TRI	Euronext Paris	EUR	126.20	126.20	121.20	121.50	26/10/20 17:35	CET	18376	2259698.80
TRILOGIQ	FR0010397901	ALTRI	Euronext Growth Paris	EUR	4.18	4.20	4.18	4.20	26/10/20 16:30	CET	467	1955.42
TROC ILE	FR0000031106	MLTRO	Euronext Access Paris	EUR	4.26	4.26	4.26	4.26	21/07/20 11:30	CET	1	4.26
TROIS CHENES	FR0000076481	MLTRC	Euronext Access Paris	EUR	16.60	16.60	16.60	16.60	26/10/20 11:30	CET	3	49.80
TRONICS	FR0004175099	ALTRO	Euronext Growth Paris	EUR	7.95	7.95	7.95	7.95	15/10/20 16:30	CET	920	7314.00
TXCOM	FR0010654087	ALTXC	Euronext Growth Paris	EUR	8.50	8.50	8.50	8.50	26/10/20 11:30	CET	1	8.50
U10 CORP	FR0000079147	ALU10	Euronext Growth Paris	EUR	1.28	1.28	1.26	1.26	26/10/20 17:15	CET	3506	4461.93
UBISOFT ENTERTAIN	FR0000054470	UBI	Euronext Paris	EUR	80.36	81.00	79.46	80.50	26/10/20 17:35	CET	368085	29455041.38
UCAR	FR0011070457	ALUCR	Euronext Growth Paris	EUR	8.45	8.55	8.40	8.40	26/10/20 16:19	CET	111216	934221.95
UMALIS GROUP	FR0011776889	MLUMG	Euronext Access Paris	EUR	1.70	1.70	1.70	1.70	26/10/20 11:30	CET	5	8.50
UMANIS	FR0013263878	ALUMS	Euronext Growth Paris	EUR	5.90	5.90	5.68	5.70	26/10/20 17:23	CET	8134	46847.42
UNI.METALG.HT-SEI.	FR0005783503	MLUMH	Euronext Access Paris	EUR	16.10	16.10	16.10	16.10	08/10/20 16:37	CET	3	48.30
UNIBAIL-RODAMCO-WE	FR0013326246	URW	Euronext Amsterdam, Paris	EUR	37.11	38.91	36.43	37.63	26/10/20 17:35	CET	803547	30101761.24
UNIBEL	FR0000054215	UNBL	Euronext Paris	EUR	610.00	615.00	610.00	615.00	22/10/20 16:30	CET	2	1225.00
UNION FIN.FRANCE	FR0000034548	UFF	Euronext Paris	EUR	19.80	19.80	19.60	19.60	26/10/20 17:29	CET	1345	26443.50
UNION TECH.INFOR.	FR0000074197	FPG	Euronext Paris	EUR	0.515	0.515	0.50	0.50	26/10/20 17:24	CET	2802	1415.005
UNITI	FR0012709160	ALUNT	Euronext Growth Paris	EUR	1.71	1.80	1.71	1.80	26/10/20 12:46	CET	2	3.51
UPERGY	FR0010337865	ALUPG	Euronext Growth Paris	EUR	4.82	4.82	4.82	4.82	26/10/20 09:00	CET	1	4.82
UV GERMI	FR0011898584	ALUVI	Euronext Growth Paris	EUR	9.85	9.85	9.00	9.00	26/10/20 17:36	CET	21853	201699.25
VALBIOTIS	FR0013254851	ALVAL	Euronext Growth Paris	EUR	6.28	6.28	6.16	6.24	26/10/20 17:35	CET	48070	298323.94
VALEO	FR0013176526	FR	Euronext Paris	EUR	27.33	28.97	27.10	27.75	26/10/20 17:36	CET	1036321	28935178.88
VALLOUREC	FR0013506730	VK	Euronext Paris	EUR	13.68	13.778	13.142	13.142	26/10/20 17:35	CET	124456	1673154.712
VALNEVA	FR0004056851	VLA	Euronext Paris	EUR	6.21	6.32	5.90	5.96	26/10/20 17:36	CET	459115	2789872.04
VALONEO	FR0012833770	MLVAL	Euronext Access Paris	EUR	14.30	14.30	14.30	14.30	25/09/18 16:30	CET	10	143.00
VENTE UNIQUE.COM	FR0010766667	ALVU	Euronext Growth Paris	EUR	8.45	8.65	8.05	8.35	26/10/20 17:35	CET	8165	68363.70
VEOLIA ENVIRON.	FR0000124141	VIE	Euronext Paris	EUR	17.11	17.355	17.07	17.12	26/10/20 17:36	CET	1810229	30797495.47
VERALLIA	FR0013447729	VRLA	Euronext Paris	EUR	23.65	23.65	22.90	23.00	26/10/20 17:36	CET	76175	1761306.80
VERGNET	FR0004155240	ALVER	Euronext Growth Paris	EUR	0.425	0.427	0.398	0.402	26/10/20 17:35	CET	404513	167308.998
VERIMATRIX	FR0010291245	VMX	Euronext Paris	EUR	2.55	2.575	2.51	2.515	26/10/20 17:35	CET	219044	555610.34
VERNEUIL FINANCE	FR0000062465	VRNL	Euronext Paris	EUR	1.12	1.12	1.12	1.12	23/10/20 16:30	CET	145	162.40
VERNEY CARRON	FR0006174496	MLVER	Euronext Access Paris	EUR	7.75	7.75	7.75	7.75	23/10/20 11:30	CET	43	333.25
VETOQUINOL	FR0004186856	VETO	Euronext Paris	EUR	86.80	88.60	84.80	86.60	26/10/20 17:35	CET	2849	248366.00
VIALIFE	FR0010326090	ALVIA	Euronext Growth Paris	EUR	9.95	9.95	9.95	9.95	14/10/20 16:30	CET	1	9.95
VICAT	FR0000031775	VCT	Euronext Paris	EUR	27.30	27.70	26.55	26.70	26/10/20 17:37	CET	35942	972849.10
VIDELIO	FR0000066680	VDLO	Euronext Paris	EUR	1.58	1.58	1.57	1.57	26/10/20 17:04	CET	111	174.28
VIEL ET COMPAGNIE	FR0000050049	VIL	Euronext Paris	EUR	5.20	5.30	5.20	5.20	26/10/20 17:01	CET	2653	13835.60
VILMORIN & CIE	FR0000052516	RIN	Euronext Paris	EUR	46.50	46.80	45.80	45.80	26/10/20 17:35	CET	2807	129483.50
VINCI	FR0000125486	DG	Euronext Paris	EUR	71.72	72.50	70.44	70.66	26/10/20 17:35	CET	1028322	71948954.36
VIRBAC	FR0000031577	VIRP	Euronext Paris	EUR	221.50	222.00	215.50	216.50	26/10/20 17:35	CET	5935	1294067.00
VISIATIV	FR0004029478	ALVIV	Euronext Growth Paris	EUR	17.98	17.98	16.72	17.00	26/10/20 17:35	CET	10904	187543.38
VISIO NERF	FR0010033480	MLVIS	Euronext Access Paris	EUR	0.99	0.99	0.99	0.99	26/10/20 11:30	CET	30	29.70
VISIODENT	FR0000065765	SDT	Euronext Paris	EUR	2.50	2.50	2.50	2.50	23/10/20 11:30	CET	1	2.50
VISIOMED BSA2018-1	FR0013322724	VMGBS	Euronext Growth Paris	EUR	0.0055	0.0055	0.0055	0.0055	26/10/20 15:26	CET	5999	32.9945
VISIOMED BSA18T2.3	FR0013365277	VMGBW	Euronext Growth Paris	EUR	-	-	-	-	-	CET	-	-
VISIOMED BSA2018-2	FR0013352317	VMGBU	Euronext Growth Paris	EUR	-	-	-	-	-	CET	-	-
VISIOMED BSA2018-3	FR0013356441	VMGBV	Euronext Growth Paris	EUR	-	-	-	-	-	CET	-	-
VISIOMED BSA18T2.4	FR0013372471	VMGBX	Euronext Growth Paris	EUR	-	-	-	-	-	CET	-	-
VISIOMED GROUP	FR0013481835	ALVMG	Euronext Growth Paris	EUR	0.8603	0.8784	0.80	0.82	26/10/20 17:35	CET	309478	259428.5619
VISIOMEDBSA26OCT23	FR0013321817	VMGBT	Euronext Growth Paris	EUR	-	-	-	-	-	CET	-	-
VIVENDI	FR0000127771	VIV	Euronext Paris	EUR	25.23	25.54	25.17	25.28	26/10/20 17:35	CET	2188923	54462232.94
VOGO	FR0011532225	ALVGO	Euronext Growth Paris	EUR	10.50	10.60	10.30	10.35	26/10/20 17:29	CET	31811	332736.90
VOLTALIA	FR0011995588	VLTSA	Euronext Paris	EUR	18.54	18.70	18.10	18.40	26/10/20 17:35	CET	56048	1029798.08
VOLUNTIS	FR0004183960	VTX	Euronext Paris	EUR	3.03	3.19	2.805	2.905	26/10/20 17:35	CET	151186	453657.27
VOYAGEURS DU MONDE	FR0004045847	ALVDM	Euronext Growth Paris	EUR	49.50	49.80	49.00	49.80	26/10/20 16:38	CET	534	26449.50
VRANKEN-POMMERY	FR0000062796	VRAP	Euronext Paris, Brussels	EUR	13.00	13.25	13.00	13.25	26/10/20 12:57	CET	497	6509.05
VREF SEVILLE	ES0105492005	MLVRF	Euronext Access Paris	EUR	3.75	3.75	3.75	3.75	30/07/20 00:00	CET	-	-
WALLIX	FR0010131409	ALLIX	Euronext Growth Paris	EUR	15.78	15.78	15.30	15.30	26/10/20 17:35	CET	8841	137396.74
WAVESTONE	FR0013357621	WAVE	Euronext Paris	EUR	25.00	25.00	24.15	24.20	26/10/20 17:27	CET	2213	54021.75
WE.CONNECT	FR0013079092	ALWEC	Euronext Growth Paris	EUR	16.70	16.70	16.00	16.10	26/10/20 17:16	CET	1650	26889.00
WEACCESS GROUP	FR0010688465	MLWEA	Euronext Access Paris	EUR	2.52	2.52	2.52	2.52	26/10/20 11:30	CET	25	63.00
WEDIA	FR0010688440	ALWED	Euronext Growth Paris	EUR	25.40	25.40	24.40	24.80	26/10/20 17:14	CET	927	22936.60
WENDEL	FR0000121204	MF	Euronext Paris	EUR	82.10	82.70	80.20	80.20	26/10/20 17:36	CET	46001	3713836.10
WEYA	FR0010768770	MLWEY	Euronext Access Paris	EUR	2.54	2.76	2.54	2.76	26/10/20 16:30	CET	1396	3556.84
WHITENI R CAJAL	ES0105399002	MLWRC	Euronext Access Paris	EUR	3.00	3.00	3.00	3.00	25/10/19 11:30	CET	350	1050.00
WITBE	FR0013143872	ALWIT	Euronext Growth Paris	EUR	7.98	7.98	7.50	7.70	26/10/20 17:35	CET	38901	297793.12
WORLDLINE	FR0011981968	WLN	Euronext Paris	EUR	68.96	69.16	65.82	66.18	26/10/20 17:36	CET	1132170	75150823.88
X-FAB	BE0974310428	XFAB	Euronext Paris	EUR	3.15	3.19	3.095	3.15	26/10/20 17:35	CET	130864	411385.115
XILAM ANIMATION	FR0004034072	XIL	Euronext Paris	EUR	47.80	48.85	47.80	48.00	26/10/20 17:35	CET	6998	336495.45
XPO LOGISTICS	FR0000052870	XPO	Euronext Paris	EUR	254.00	256.00	254.00	256.00	26/10/20 17:25	CET	4	1022.00
YMAGIS	FR0011471291	MAGIS	Euronext Paris	EUR	0.80	0.814	0.78	0.798	06/04/20 10:39	CET	3862	3047.70
YMAGIS BSA	FR0013484466	MAGBS	Euronext Paris	EUR	0.05	0.06	0.05	0.05	06/04/20 10:31	CET	7008	352.97
ZCCM	ZM0000000037	MLZAM	Euronext Access Paris	EUR	0.57	0.57	0.57	0.57	26/10/20 13:46	CET	11435	6517.95
ZCI LIMITED	BMG9887P1068	CV	Euronext Paris	EUR	0.17	0.20	0.17	0.20	04/08/15 16:20	CET	21826	3755.94
